x,y,z
0.0,0.0,0.0
0.0,0.0,0.0
0.0,0.0,0.0
0.0,0.0,0.0
0.0,0.0,0.0
0.0,0.0,0.0
0.0,0.0,0.0
0.0,0.0,0.0
0.0,0.0,0.0
0.0,0.0,0.0
0.0,0.0,0.0
0.0,0.0,0.0
0.0,0.0,0.0
0.003937545753995641,-9.172869359559147e-06,0.0
0.007771370450955214,-3.819990722482835e-05,0.0
0.011812182192592464,-9.233030863527145e-05,0.0
0.015749054842547378,-0.0001657090819854874,0.0
0.019685542878842756,-0.000257429561948893,0.0
0.023517916416866267,-0.00036682536169242816,0.0
0.02745322665173623,-0.0004998067952429753,0.0
0.031491324774771574,-0.0006574557103954373,0.0
0.03532140491888216,-0.0008293291104149235,0.0
0.03925402347724936,-0.0010264635334039976,0.0
0.0431856808712772,-0.0012419184992962383,0.0
0.04721958641494157,-0.0014841904467111635,0.0
0.051045221486133906,-0.0017363227096359947,0.0
0.054972842844443454,-0.0020158601348441822,0.0
0.05889911916422673,-0.0023136939258258426,0.0
0.06272049793537794,-0.002623724026524517,0.0
0.06674646621617661,-0.002973965420013845,0.0
0.07066736391514092,-0.003335782971547574,0.0
0.0744831791347485,-0.0037080847117470193,0.0
0.07840006847579299,-0.00411098494301193,0.0
0.08231503812826177,-0.0045321301989390715,0.0
0.08633071051688802,-0.0049854125600949425,0.0
0.09013788187055613,-0.0054376300517437305,0.0
0.09404546364171452,-0.005922558302160421,0.0
0.09795074364399921,-0.006425687321494986,0.0
0.10175063117734526,-0.006935500139954682,0.0
0.10575272050180677,-0.007496187816599487,0.0
0.10964927705256602,-0.008062930926902943,0.0
0.11354315076593914,-0.008647822549892242,0.0
0.11733151504987006,-0.00923718697720443,0.0
0.12132097010590849,-0.009881654189372523,0.0
0.12520478863209714,-0.010529963037048843,0.0
0.12898303882189946,-0.011181023617335391,0.0
0.13285984775465495,-0.011870010703751932,0.0
0.13673340451063248,-0.01257705296879841,0.0
0.14070503681854116,-0.013323528984813898,0.0
0.144468807291743,-0.01405365650860581,0.0
0.14833031972685468,-0.014823768461388784,0.0
0.15218820217782345,-0.015611863443512619,0.0
0.1559404857669286,-0.01639889726926374,0.0
0.15989069702422942,-0.017251493688681615,0.0
0.16373521556182102,-0.01810239199074592,0.0
0.16757572790353195,-0.018971193268085877,0.0
0.17131068683922324,-0.01983671976949658,0.0
0.175141880556732,-0.020745733193634347,0.0
0.17906894912935703,-0.02169926455526386,0.0
0.1827892978674204,-0.022625579643737848,0.0
0.18660515947777254,-0.023596945114084604,0.0
0.19041645392797776,-0.02458607873507629,0.0
0.19432266885448157,-0.025621730500714365,0.0
0.1980227799623208,-0.026625838147129453,0.0
0.2018174384806308,-0.02767698867667276,0.0
0.20560715833790888,-0.02874580770237054,0.0
0.20929164132600098,-0.02980582632786928,0.0
0.21316871251420372,-0.030945742392024373,0.0
0.2169404999274823,-0.032076215927926324,0.0
0.22060720796632965,-0.033196174201165426,0.0
0.2243669374353935,-0.03436612506585772,0.0
0.22812117511327154,-0.03555358039737209,0.0
0.23196776574038655,-0.036792463030675765,0.0
0.2356101882591924,-0.03798904673875485,0.0
0.23934456368183316,-0.03923756222088475,0.0
0.24307308154368568,-0.040503463188649655,0.0
0.246696968135277,-0.04175506230467255,0.0
0.2505089924664683,-0.043096539151329265,0.0
0.2542163723282569,-0.044423070442609694,0.0
0.2579175314344549,-0.04576686059622333,0.0
0.26151438210132244,-0.047094158473943055,0.0
0.26529744489472346,-0.048515258587550444,0.0
0.26897619954763335,-0.049919222586389124,0.0
0.27255092855918567,-0.05130499560889708,0.0
0.2762147633939211,-0.05274744665143553,0.0
0.2798718378575185,-0.05420695241505724,0.0
0.2836172462749616,-0.055724518037446276,0.0
0.28716213724466616,-0.0571849297563978,0.0
0.29079492621348324,-0.058703875118937925,0.0
0.29442059874917675,-0.060239729724771214,0.0
0.29794297015977206,-0.06175364980911032,0.0
0.3016463834973233,-0.06337099927133472,0.0
0.3052465297400151,-0.0649657712730872,0.0
0.30883920661575864,-0.06657729960756933,0.0
0.31232906492193374,-0.06816473256009534,0.0
0.31590465082344765,-0.06981383418438537,0.0
0.3195654075076351,-0.07152554389426242,0.0
0.3230289165221774,-0.07316967274630799,0.0
0.3265771361410053,-0.07487685997766436,0.0
0.33011736319642315,-0.07660056038737274,0.0
0.33374142975301596,-0.07838864070578586,0.0
0.33716970880708785,-0.0801050197732869,0.0
0.3406813578447956,-0.08188621929672814,0.0
0.3441846698812274,-0.08368376080716232,0.0
0.3475865669557643,-0.08545185318885558,0.0
0.3475865669557643,-0.08545185318885558,0.0
0.3546359319357574,-0.08918898609612641,0.0
0.3580085455122103,-0.09101231602783648,0.0
0.36146244961707974,-0.0929030558673457,0.0
0.3649075069820329,-0.0948098674622663,0.0
0.36843291573148984,-0.09678536304083955,0.0
0.3717665624206551,-0.09867899820310336,0.0
0.37518006854059865,-0.10064173269239338,0.0
0.37858439292481216,-0.10262034993516447,0.0
0.38188898451897296,-0.10456424519256548,0.0
0.3853602105453113,-0.10663346714919132,0.0
0.3887318182099918,-0.10866733353167779,0.0
0.39209391317913184,-0.11071688668415394,0.0
0.395357025215352,-0.11272963461050217,0.0
0.39878410761833033,-0.11487117513893176,0.0
0.39878410761833033,-0.11487117513893176,0.0
0.4053408320878806,-0.11904310794914646,0.0
0.40864681915387646,-0.12118198621258483,0.0
0.41194280496985825,-0.12333624436962834,0.0
0.41531389028105375,-0.12556489271702467,0.0
0.41849973130010765,-0.12769784170311382,0.0
0.4217601507332515,-0.12990555903699477,0.0
0.4250102486790144,-0.1321284432106057,0.0
0.42816342792198764,-0.13430938682235433,0.0
0.4314736046741279,-0.13662753683935072,0.0
0.4346870232961936,-0.13890312280030737,0.0
0.4378898047305136,-0.14119365588025107,0.0
0.44099656803627074,-0.14344022574071505,0.0
0.44417516194977036,-0.1457642075477447,0.0
0.44742485478961275,-0.1481664119683523,0.0
0.45049457160129464,-0.15046334319762816,0.0
0.45363484716153313,-0.15283884737824124,0.0
0.4567640207933621,-0.15522895680841542,0.0
0.45996263780827484,-0.15769876223063423,0.0
0.46298352537612214,-0.1600595444481143,0.0
0.4660733089232492,-0.16250036159371212,0.0
0.4691516867867234,-0.16495554802981297,0.0
0.47213648169933997,-0.1673618010725255,0.0
0.47526779215942333,-0.16991640171338548,0.0
0.4783057255214019,-0.1724214589172272,0.0
0.4812508863016984,-0.17487606323445376,0.0
0.4842623923559516,-0.17741282928427743,0.0
0.4872620465352758,-0.17996359887614657,0.0
0.49032687331690733,-0.18259759326306246,0.0
0.49321992665339237,-0.1851134026294887,0.0
0.4961775881827434,-0.1877127465821311,0.0
0.4991231068613905,-0.19032584252757231,0.0
0.5019777348182749,-0.19288516931478003,0.0
0.5049709049178921,-0.19560031615914547,0.0
0.507873421827003,-0.1982610954244486,0.0
0.5107635102472521,-0.20093536908835868,0.0
0.5135638551785677,-0.2035539799112186,0.0
0.5164994450760928,-0.20633128104456,0.0
0.5193455415094729,-0.20905232602732698,0.0
0.5221028140455501,-0.2117162521782814,0.0
0.5249202295238555,-0.21446698312276635,0.0
0.5277247983380954,-0.21723081098870403,0.0
0.5305882626392427,-0.22008241787391192,0.0
0.5332890806483845,-0.2228035640400411,0.0
0.5360482085412697,-0.22561275680256998,0.0
0.5387942180200196,-0.22843477428106954,0.0
0.5414535235330264,-0.23119650355173227,0.0
0.5442395742141635,-0.2341237909024798,0.0
0.5469392016954565,-0.23699021064993292,0.0
0.5496254447789882,-0.23986917727053111,0.0
0.5522262668796093,-0.24268605120751613,0.0
0.5548821823075455,-0.24559301937830705,0.0
0.5575923134444726,-0.2485907316480836,0.0
0.5601468567239933,-0.25144964105710654,0.0
0.5627550168947818,-0.2543995310940154,0.0
0.5653494047595046,-0.2573615409376385,0.0
0.5679960939909281,-0.2604154115544095,0.0
0.5704901395267358,-0.26332724795799795,0.0
0.5730358827843645,-0.2663311690575907,0.0
0.5755676026742569,-0.26934691856732534,0.0
0.5780172720382991,-0.2722961853207435,0.0
0.5805812073903269,-0.27541985706123295,0.0
0.5830634147058241,-0.2784764887939142,0.0
0.5854646664979286,-0.28146530866250097,0.0
0.5879146949152431,-0.2845477932870681,0.0
0.5903503349639995,-0.28764165951870047,0.0
0.5928333918078226,-0.29083000052023295,0.0
0.5951714560081518,-0.29386850511478,0.0
0.5975563224560089,-0.2970016764685725,0.0
0.5999265650852024,-0.30014592527951217,0.0
0.6022183530200094,-0.3032194838746618,0.0
0.6046151126384621,-0.3064731945199197,0.0
0.6045534632718879,-0.3063899096973481,0.0
0.6046159823213154,-0.3064725436766088,0.0
0.6046159823213154,-0.3064725436766088,0.0
0.6045518393598337,-0.30639116378620496,0.0
0.6046168318978499,-0.3064718667977474,0.0
0.6046168318978499,-0.30647186679774735,0.0
0.6046168318978499,-0.3064718667977473,0.0
0.6045495171877742,-0.3063930903045708,0.0
0.6046176540088306,-0.30647115681266557,0.0
0.6046176540088306,-0.3064711568126655,0.0
0.6045479848138409,-0.3063944547309516,0.0
0.6046184542444937,-0.30647042225962834,0.0
0.6046184542444937,-0.30647042225962834,0.0
0.6046184542444937,-0.3064704222596284,0.0
0.6045458028406864,-0.30639653870533773,0.0
0.6046192247698193,-0.306469656599127,0.0
0.6046192247698193,-0.306469656599127,0.0
0.6045443694863639,-0.30639800680772056,0.0
0.6046199717576304,-0.30646886795821315,0.0
0.6046199717576304,-0.30646886795821315,0.0
0.6045429812434278,-0.30639951763887285,0.0
0.604620694522873,-0.30646805706014013,0.0
0.604620694522873,-0.3064680570601401,0.0
0.604620694522873,-0.30646805706014,0.0
0.6045410186159695,-0.3064018093739248,0.0
0.6045410186159695,-0.3064018093739248,0.0
0.6046216875448125,-0.30646684226937104,0.0
0.6045400421933389,-0.3064030375465637,0.0
0.6046223519200914,-0.30646598287960525,0.0
0.6046223519200914,-0.3064659828796052,0.0
0.6046223519200915,-0.30646598287960525,0.0
0.6046223519200915,-0.30646598287960525,0.0
0.6046223519200914,-0.3064659828796052,0.0
0.6046223519200914,-0.30646598287960525,0.0
0.6045364503474288,-0.3064080352663337,0.0
0.6046229546617353,-0.3064650791939345,0.0
0.6046229546617353,-0.30646507919393456,0.0
0.6045353378253975,-0.30640975925123815,0.0
0.6045353378253975,-0.3064097592512381,0.0
0.6046240328304361,-0.3064633335188579,0.0
0.6046240328304361,-0.3064633335188579,0.0
0.604534537838727,-0.30641110900325663,0.0
0.604624814401652,-0.3064619730205599,0.0
0.604624814401652,-0.3064619730205599,0.0
0.6045335484196156,-0.30641290646787167,0.0
0.6046253237488518,-0.3064610135880657,0.0
0.6046253237488518,-0.3064610135880657,0.0
0.6046253237488518,-0.3064610135880657,0.0
0.604532186654827,-0.3064155989672216,0.0
0.6046257947102324,-0.3064600347414695,0.0
0.6046257947102325,-0.30646003474146954,0.0
0.604531325169264,-0.30641746113580826,0.0
0.6046262358161881,-0.3064590420830103,0.0
0.6046262358161881,-0.3064590420830103,0.0
0.6046262358161881,-0.3064590420830103,0.0
0.604530154747886,-0.30642024215538505,0.0
0.6046266372743294,-0.3064580327383508,0.0
0.6046266372743294,-0.3064580327383508,0.0
0.6045294254018915,-0.3064221599363008,0.0
0.604627007985435,-0.3064570117003706,0.0
0.604627007985435,-0.3064570117003706,0.0
0.6045287544607275,-0.3064240989224211,0.0
0.6045287544607275,-0.3064240989224211,0.0
0.6046276404027725,-0.3064550598096124,0.0
0.6046276404027725,-0.3064550598096124,0.0
0.6045281608151786,-0.3064260629525081,0.0
0.6046279389091097,-0.30645401537711225,0.0
0.6046279389091097,-0.30645401537711225,0.0
0.6045276269126599,-0.30642804405758384,0.0
0.6046282056531596,-0.30645296238476055,0.0
0.6046282056531596,-0.30645296238476055,0.0
0.6046282056531596,-0.30645296238476055,0.0
0.6045269440383603,-0.30643098304359595,0.0
0.6046284304973347,-0.3064518996569601,0.0
0.6046284304973347,-0.3064518996569601,0.0
0.6045265497811527,-0.30643299659530243,0.0
0.6046286230590182,-0.30645083060818723,0.0
0.6046286230590182,-0.30645083060818723,0.0
0.6046286230590182,-0.30645083060818723,0.0
0.6045260738053335,-0.30643597609242584,0.0
0.6046287731432772,-0.30644975477362935,0.0
0.6046287731432772,-0.30644975477362935,0.0
0.604525821118314,-0.3064380122600247,0.0
0.604628890582453,-0.30644867488783867,0.0
0.604628890582453,-0.30644867488783867,0.0
0.6045256302023038,-0.3064400551453121,0.0
0.6046289752688432,-0.3064475919411659,0.0
0.6046289752688432,-0.3064475919411659,0.0
0.6046289752688432,-0.3064475919411659,0.0
0.6045254545764871,-0.3064430673059422,0.0
0.6046290170121391,-0.30644650649067046,0.0
0.6046290170121391,-0.30644650649067046,0.0
0.6045254067826645,-0.30644511853605383,0.0
0.6046290258688602,-0.30644542027391525,0.0
0.6046290258688604,-0.30644542027391525,0.0
0.6046290258688604,-0.30644542027391525,0.0
0.6045254419268976,-0.3064481356076426,0.0
0.604628991712474,-0.3064443345581965,0.0
0.604628991712474,-0.3064443345581965,0.0
0.6045255374886062,-0.30645018516788336,0.0
0.6046289246962852,-0.30644325037458137,0.0
0.6046289246962852,-0.30644325037458137,0.0
0.6045256950671657,-0.30645223089470236,0.0
0.6045256950671657,-0.30645223089470236,0.0
0.6046287266428386,-0.3064412081688981,0.0
0.6046287266428386,-0.3064412081688981,0.0
0.6045259335178456,-0.3064542687785297,0.0
0.604628584080932,-0.30644013131171927,0.0
0.604628584080932,-0.30644013131171927,0.0
0.6045262335662936,-0.3064562985076124,0.0
0.6046284089771683,-0.3064390592651005,0.0
0.6046284089771684,-0.3064390592651005,0.0
0.6046284089771684,-0.3064390592651005,0.0
0.6045267788166431,-0.30645926610902524,0.0
0.6046281915655723,-0.30643799499188434,0.0
0.6046281915655723,-0.30643799499188434,0.0
0.6045272198700571,-0.30646126993065065,0.0
0.6046279420274833,-0.30643693778990605,0.0
0.6046279420274833,-0.30643693778990605,0.0
0.6046279420274833,-0.30643693778990605,0.0
0.6045279710190921,-0.30646419221250154,0.0
0.6046276508276637,-0.3064358912967403,0.0
0.6046276508276636,-0.30643589129674037,0.0
0.6045285509241223,-0.3064661603434363,0.0
0.6046273280735659,-0.30643485410096655,0.0
0.6046273280735659,-0.30643485410096655,0.0
0.6045291901582318,-0.30646811001237584,0.0
0.6045291901582318,-0.30646811001237584,0.0
0.6046266503609586,-0.30643291747120266,0.0
0.6046266503609586,-0.30643291747120266,0.0
0.6045299060836152,-0.30647003284363883,0.0
0.6046262559666307,-0.30643190534552134,0.0
0.6046262559666307,-0.30643190534552134,0.0
0.6045306799040329,-0.3064719331149831,0.0
0.6046258311059911,-0.3064309056262019,0.0
0.6046258311059911,-0.3064309056262019,0.0
0.6046258311059911,-0.3064309056262019,0.0
0.6045319147882251,-0.30647468611645795,0.0
0.6046253669969792,-0.30642992351210163,0.0
0.6046253669969792,-0.30642992351210163,0.0
0.604532819416937,-0.3064765277125358,0.0
0.6046248733623736,-0.3064289559015617,0.0
0.6046248733623735,-0.3064289559015618,0.0
0.6046248733623735,-0.3064289559015618,0.0
0.6045342435306528,-0.30647918776069577,0.0
0.6046243418045913,-0.30642800859400604,0.0
0.6046243418045913,-0.306428008594006,0.0
0.6045352745510014,-0.3064809616903057,0.0
0.6046237818060857,-0.3064270778163986,0.0
0.6046237818060857,-0.3064270778163986,0.0
0.6045363588131583,-0.3064827035872015,0.0
0.6046231938804243,-0.3064261644223448,0.0
0.6046231938804243,-0.30642616442234477,0.0
0.6046231938804243,-0.30642616442234477,0.0
0.6045380418052289,-0.3064852078822678,0.0
0.6046225702520923,-0.3064252750219938,0.0
0.6046225702520923,-0.3064252750219938,0.0
0.6045392450584466,-0.3064868698121443,0.0
0.6046219199786849,-0.3064244049129337,0.0
0.6046219199786849,-0.30642440491293377,0.0
0.6046219199786849,-0.30642440491293377,0.0
0.6045410988187994,-0.30648925046933156,0.0
0.6046212357652594,-0.30642356123214737,0.0
0.6046212357652594,-0.30642356123214737,0.0
0.6045424151884498,-0.3064908243181692,0.0
0.6046205263189275,-0.3064227386562038,0.0
0.6046205263189275,-0.30642273865620373,0.0
0.6045437786106188,-0.3064923575856636,0.0
0.6045437786106188,-0.3064923575856636,0.0
0.6046191328050604,-0.30642123268531335,0.0
0.6046191328050604,-0.30642123268531335,0.0
0.6045452016698067,-0.30649383566947996,0.0
0.6074053424970022,-0.30363889537582756,0.0
0.6101775289092863,-0.3008425883108061,0.0
0.6128624533419111,-0.29810575891037977,0.0
0.615605173891918,-0.29528054481390636,0.0
0.6183347015599827,-0.29244258261972356,0.0
0.6211207522411196,-0.28951529526897607,0.0
0.6237477096500502,-0.28672277863561296,0.0
0.6264305975114263,-0.28384068505114657,0.0
0.629100028129883,-0.280946122756155,0.0
0.6316844008377273,-0.27811414957780484,0.0
0.6343910384222045,-0.2751132826000788,0.0
0.637012914281507,-0.2721755764056565,0.0
0.6396210744522953,-0.26922568636874766,0.0
0.6421455075714834,-0.2663401549094335,0.0
0.644722600890767,-0.26336308575839834,0.0
0.6473514596987805,-0.2602938527924538,0.0
0.6498285045976269,-0.25736754061754097,0.0
0.6523567100464494,-0.254348844224247,0.0
0.654870823477494,-0.25131840129256483,0.0
0.654870823477494,-0.25131840129256483,0.0
0.654870823477494,-0.2513184012925649,0.0
0.654870823477494,-0.25131840129256483,0.0
0.654870823477494,-0.2513184012925649,0.0
0.654870823477494,-0.2513184012925649,0.0
0.654870823477494,-0.25131840129256483,0.0
0.654870823477494,-0.25131840129256483,0.0
0.654870823477494,-0.25131840129256483,0.0
0.654870823477494,-0.25131840129256483,0.0
0.654870823477494,-0.25131840129256483,0.0
0.654870823477494,-0.2513184012925649,0.0
0.654870823477494,-0.2513184012925649,0.0
0.654870823477494,-0.25131840129256483,0.0
0.654870823477494,-0.25131840129256483,0.0
0.654870823477494,-0.2513184012925649,0.0
0.654870823477494,-0.25131840129256483,0.0
0.654870823477494,-0.25131840129256483,0.0
0.6548197952472283,-0.2514085851369369,0.0
0.6548698752812016,-0.2513178713217431,0.0
0.6548698752812016,-0.2513178713217431,0.0
0.6548698752812016,-0.25131787132174316,0.0
0.6548698752812016,-0.2513178713217432,0.0
0.6548698752812016,-0.2513178713217431,0.0
0.6548698752812016,-0.2513178713217431,0.0
0.6548698752812016,-0.2513178713217431,0.0
0.6548698752812016,-0.2513178713217431,0.0
0.6548698752812016,-0.2513178713217431,0.0
0.6548698752812016,-0.2513178713217432,0.0
0.6548698752812016,-0.25131787132174316,0.0
0.6548698752812016,-0.2513178713217431,0.0
0.6548698752812016,-0.25131787132174316,0.0
0.6548698752812016,-0.25131787132174316,0.0
0.6548698752812016,-0.2513178713217431,0.0
0.6548698752812016,-0.2513178713217431,0.0
0.6548348459811918,-0.2514153903158448,0.0
0.6548688510700298,-0.25131750946989984,0.0
0.6548688510700298,-0.25131750946989984,0.0
0.6548688510700298,-0.2513175094698999,0.0
0.6548688510700298,-0.2513175094698999,0.0
0.6548688510700298,-0.25131750946989984,0.0
0.6548688510700298,-0.2513175094698999,0.0
0.6548407171023805,-0.2514172365270814,0.0
0.6548678040907329,-0.25131722002278445,0.0
0.6548678040907329,-0.25131722002278445,0.0
0.6548678040907329,-0.25131722002278445,0.0
0.6548678040907329,-0.25131722002278445,0.0
0.6548678040907329,-0.25131722002278445,0.0
0.6548678040907329,-0.2513172200227845,0.0
0.6548678040907329,-0.2513172200227845,0.0
0.6548678040907329,-0.25131722002278445,0.0
0.6548678040907329,-0.25131722002278445,0.0
0.6548678040907329,-0.25131722002278445,0.0
0.6548678040907329,-0.25131722002278445,0.0
0.6548678040907329,-0.2513172200227845,0.0
0.6548678040907329,-0.2513172200227845,0.0
0.6548678040907329,-0.25131722002278445,0.0
0.6548678040907329,-0.25131722002278445,0.0
0.6548678040907329,-0.2513172200227845,0.0
0.6548569539011707,-0.2514202699109758,0.0
0.6548667232280783,-0.25131711194317125,0.0
0.6552082695982736,-0.24739439645726777,0.0
0.6555315357187224,-0.24347013223047156,0.0
0.6558262624486753,-0.23964754272457428,0.0
0.6561134492012582,-0.23561658584055153,0.0
0.6563726817909838,-0.2316875720748889,0.0
0.6566050367315476,-0.2278606848858618,0.0
0.6568230674360388,-0.22392916948868463,0.0
0.6570227782312554,-0.21999668092485952,0.0
0.6572065869184612,-0.21595968897562084,0.0
0.6573586610925393,-0.212128771615311,0.0
0.6574942206755089,-0.20819354934639056,0.0
0.6576114439734464,-0.204257738196861,0.0
0.6577054939874637,-0.20042495735642565,0.0
0.657781097659395,-0.19638449033929736,0.0
0.6578341265330978,-0.19244729099904365,0.0
0.6578688108060673,-0.1885098873230726,0.0
0.65788248689198,-0.18467597713364214,0.0
0.6578758936671238,-0.18073842621514885,0.0
0.6578479450645714,-0.17669734857331545,0.0
0.6577991021296071,-0.1728637251249772,0.0
0.657728302573562,-0.16892680524654377,0.0
0.6576391610628641,-0.16499025796530709,0.0
0.6575322760266384,-0.16115781358019524,0.0
0.6573960889515776,-0.15711893468719831,0.0
0.6572427684508279,-0.1531843643764285,0.0
0.6570711178381035,-0.14925055111529187,0.0
0.6568839100898481,-0.14542118985851066,0.0
0.6566710309550299,-0.14148939215513115,0.0
0.6564314018312658,-0.13745532875518884,0.0
0.6561817759478534,-0.13362952932313876,0.0
0.6559048117233044,-0.12970172567164817,0.0
0.6556095502557202,-0.12577525507171985,0.0
0.6552854007045836,-0.12174710205821508,0.0
0.6549556227910632,-0.11792737681892125,0.0
0.65459637405291,-0.1140062429203561,0.0
0.6542188600402499,-0.11008682537732928,0.0
0.6538312826755487,-0.10627253145022895,0.0
0.6533993471523046,-0.10225450689387407,0.0
0.6529579718150366,-0.09834176635583773,0.0
0.6525082486495251,-0.09453429955357319,0.0
0.6520258805151161,-0.09062640092525026,0.0
0.6515253101077152,-0.08672079214126079,0.0
0.650990563977353,-0.08271515408874358,0.0
0.651005112345971,-0.0828177472222387,0.0
0.651005112345971,-0.08281774722223853,0.0
0.6509885354659415,-0.08271546226186675,0.0
0.6510061836828767,-0.08281756782738009,0.0
0.6510061836828767,-0.08281756782738003,0.0
0.6510061836828767,-0.08281756782738009,0.0
0.6514202711865561,-0.0847422126473247,0.0
0.6512553397487185,-0.08403587301447878,0.0
0.651159918352722,-0.083632526864363,0.0
0.651062149624624,-0.08322974373789473,0.0
0.6510118589887525,-0.08302869873115741,0.0
0.6509859533463056,-0.08292836955989795,0.0
0.6509592305348959,-0.082828254944249,0.0
0.6509315760446365,-0.08272839386455172,0.0
0.6509315760446365,-0.08272839386455189,0.0
0.6509315760446365,-0.08272839386455177,0.0
0.6509010257519365,-0.08262938030141134,0.0
0.6509010257519365,-0.0826293803014115,0.0
0.6509335305428107,-0.08272776955204397,0.0
0.6509335305428107,-0.08272776955204392,0.0
0.6508990839984342,-0.08263004319096214,0.0
0.6508990839984342,-0.08263004319096214,0.0
0.650935458790307,-0.08272706834536019,0.0
0.6508980688876406,-0.08263042983725724,0.0
0.6508980688876406,-0.08263042983725724,0.0
0.6509373649210832,-0.08272630907288965,0.0
0.6508970659499673,-0.08263084704380595,0.0
0.6508970659499673,-0.08263084704380601,0.0
0.6508970659499672,-0.08263084704380586,0.0
0.6509401272813684,-0.08272509526823342,0.0
0.6508960803169912,-0.08263130363215151,0.0
0.6508960803169912,-0.08263130363215146,0.0
0.650941975738468,-0.08272420474278666,0.0
0.6508951089614634,-0.08263178985609104,0.0
0.6508951089614634,-0.08263178985609099,0.0
0.650943796382864,-0.08272325865441658,0.0
0.650943796382864,-0.08272325865441658,0.0
0.6508933074067212,-0.08263277180809163,0.0
0.6508933074067212,-0.08263277180809163,0.0
0.6509455781415879,-0.08272224122379485,0.0
0.6508923723757758,-0.08263332467553684,0.0
0.6508923723757758,-0.08263332467553684,0.0
0.6509473282755045,-0.0827211703080678,0.0
0.6509473282755045,-0.0827211703080678,0.0
0.6508906437892953,-0.08263443003430201,0.0
0.6508906437892953,-0.08263443003430197,0.0
0.6509490346367945,-0.0827200309396601,0.0
0.6508897496480223,-0.08263504684599507,0.0
0.6508897496480222,-0.08263504684599493,0.0
0.6509507057155748,-0.08271884042509461,0.0
0.6508888745938063,-0.08263569044944434,0.0
0.6508888745938063,-0.0826356904494443,0.0
0.6508888745938064,-0.08263569044944438,0.0
0.650953100473031,-0.08271700491622377,0.0
0.6508880257076605,-0.08263636819393316,0.0
0.6508880257076605,-0.08263636819393316,0.0
0.6509546843379879,-0.08271570061525428,0.0
0.6508871977328649,-0.08263707133191293,0.0
0.650887197732865,-0.08263707133191302,0.0
0.6509562279824483,-0.08271434895294429,0.0
0.6509562279824483,-0.08271434895294429,0.0
0.6508856811541956,-0.08263845329369253,0.0
0.6508856811541955,-0.08263845329369245,0.0
0.6509577169006976,-0.08271293723354312,0.0
0.6508849043012314,-0.08263921253328099,0.0
0.6508849043012314,-0.08263921253328099,0.0
0.6509591623893582,-0.08271148107704321,0.0
0.6508841507942581,-0.08263999494782716,0.0
0.6508841507942581,-0.08263999494782716,0.0
0.650884150794258,-0.08263999494782705,0.0
0.6509612119577074,-0.08270926675419608,0.0
0.6508834288559447,-0.0826408065821983,0.0
0.6508834288559447,-0.0826408065821983,0.0
0.6509625522332771,-0.08270771321288098,0.0
0.6508827318249553,-0.0826416397046866,0.0
0.6508827318249553,-0.0826416397046866,0.0
0.6509635425996255,-0.08270649625615194,0.0
0.6509635425996255,-0.08270649625615194,0.0
0.6508811687550349,-0.08264363485466315,0.0
0.6508811687550349,-0.08264363485466315,0.0
0.6509647711184935,-0.08270485291485707,0.0
0.6508805316031349,-0.08264451461755006,0.0
0.6476621505421774,-0.08037595250625285,0.0
0.644516930511402,-0.0781835462177304,0.0
0.6412749450775365,-0.07594884687487768,0.0
0.6380225830195229,-0.07372927670253916,0.0
0.6346727399092491,-0.0714688252502272,0.0
0.6314822479186973,-0.06934283954139282,0.0
0.6281941251296477,-0.06717659873518644,0.0
0.6248959451762097,-0.06502570131757648,0.0
0.6216736278450722,-0.06294826891352691,0.0
0.6182644359831647,-0.06077836097068382,0.0
0.6149316211946843,-0.058681530912708835,0.0
0.6115890731223896,-0.056600251716939505,0.0
0.6083239111739569,-0.05459083094804835,0.0
0.6049597288282129,-0.0525447058661128,0.0
0.6014960574699753,-0.05046286284757496,0.0
0.5981985632687163,-0.04850695222369458,0.0
0.5948014633211537,-0.04651595683128111,0.0
0.5913951238877196,-0.04454081066692406,0.0
0.5879773429686941,-0.042585538502526395,0.0
0.5845482287617215,-0.04065020223668487,0.0
0.5811101347409007,-0.03873086375420229,0.0
0.5811101347409007,-0.03873086375420229,0.0
0.5742959618465431,-0.03499419318960229,0.0
0.5707368557195927,-0.03308007375528969,0.0
0.5672592789039219,-0.03123323586379771,0.0
0.5638638399694026,-0.029452772772943277,0.0
0.5603670939354323,-0.027642491612389564,0.0
0.5568619514729043,-0.025848521985075448,0.0
0.5567693564369678,-0.02580201214321701,0.0
0.5568624339452131,-0.025847548760665497,0.0
0.5568624339452131,-0.025847548760665497,0.0
0.5567684730504905,-0.025803864022681783,0.0
0.5568628867270584,-0.025846561373263653,0.0
0.5568628867270583,-0.025846561373263608,0.0
0.5568628867270584,-0.025846561373263653,0.0
0.5568628867270584,-0.025846561373263632,0.0
0.5568628867270584,-0.02584656137326361,0.0
0.5568628867270585,-0.025846561373263653,0.0
0.5567661046680266,-0.02580954463219539,0.0
0.5568632694536327,-0.02584554477813764,0.0
0.5568632694536328,-0.025845544778137677,0.0
0.5568632694536328,-0.025845544778137695,0.0
0.5568632694536327,-0.02584554477813766,0.0
0.5568632694536328,-0.025845544778137695,0.0
0.5568632694536328,-0.025845544778137695,0.0
0.5567641387481322,-0.02581537676035852,0.0
0.556863580256355,-0.02584450393859735,0.0
0.556863580256355,-0.02584450393859735,0.0
0.556863580256355,-0.02584450393859735,0.0
0.556863580256355,-0.025844503938597364,0.0
0.556863580256355,-0.025844503938597364,0.0
0.556863580256355,-0.025844503938597364,0.0
0.5567625848889937,-0.025821331933044495,0.0
0.5568638176177966,-0.025843443936320567,0.0
0.5568638176177966,-0.025843443936320556,0.0
0.5567621669130969,-0.02582334069519322,0.0
0.556864022773536,-0.025842377232798766,0.0
0.556864022773536,-0.025842377232798756,0.0
0.556864022773536,-0.025842377232798766,0.0
0.556864022773536,-0.025842377232798773,0.0
0.5568640227735359,-0.02584237723279875,0.0
0.5568640227735359,-0.025842377232798756,0.0
0.5567612163891767,-0.02582942140766951,0.0
0.556864152939794,-0.02584129880708223,0.0
0.556864152939794,-0.02584129880708223,0.0
0.556864152939794,-0.025841298807082223,0.0
0.556864152939794,-0.025841298807082223,0.0
0.556864152939794,-0.025841298807082223,0.0
0.556864152939794,-0.025841298807082223,0.0
0.5567606928061045,-0.025835553652014648,0.0
0.5568642074810618,-0.025840213924355423,0.0
0.5568642074810618,-0.02584021392435542,0.0
0.5568642074810618,-0.02584021392435542,0.0
0.5568642074810618,-0.02584021392435542,0.0
0.5568642074810618,-0.02584021392435542,0.0
0.5568642074810619,-0.02584021392435542,0.0
0.5568642074810619,-0.02584021392435542,0.0
0.5568642074810619,-0.02584021392435542,0.0
0.5568642074810619,-0.025840213924355416,0.0
0.5567606914544749,-0.02584484407656034,0.0
0.5568641532554676,-0.025839129025804528,0.0
0.5568641532554676,-0.025839129025804528,0.0
0.5568641532554676,-0.025839129025804524,0.0
0.5568641532554676,-0.025839129025804524,0.0
0.5568641532554676,-0.025839129025804524,0.0
0.5568641532554676,-0.025839129025804517,0.0
0.5528484149629557,-0.02629182715675267,0.0
0.5490411778581192,-0.02674349075225395,0.0
0.5451335255778872,-0.02722785049783454,0.0
0.5412281724185417,-0.027730411347016263,0.0
0.5374282107546181,-0.028239671328415084,0.0
0.5334260399001226,-0.02879977674986567,0.0
0.5295294009372297,-0.02936595295848593,0.0
0.5256354421713343,-0.029950278069916163,0.0
0.5218469921830327,-0.03053909133580078,0.0
0.5179593728296695,-0.03116420450131376,0.0
0.5139728673258463,-0.031826672236149586,0.0
0.51019452245562,-0.0324771831258181,0.0
0.5063176133256954,-0.0331656061822661,0.0
0.5024439537457327,-0.03387208489030006,0.0
0.5025457481018886,-0.03385272216516624,0.0
0.502444162317499,-0.03387315093115253,0.0
0.502444162317499,-0.03387315093115254,0.0
0.502444162317499,-0.03387315093115253,0.0
0.502444162317499,-0.033873150931152514,0.0
0.502444162317499,-0.03387315093115253,0.0
0.502444162317499,-0.033873150931152514,0.0
0.502544356066112,-0.03384672710083472,0.0
0.5024444448225033,-0.03387419980493108,0.0
0.5024444448225034,-0.03387419980493105,0.0
0.5024444448225034,-0.03387419980493104,0.0
0.5024444448225033,-0.033874199804931074,0.0
0.5024444448225034,-0.03387419980493104,0.0
0.5024444448225034,-0.03387419980493106,0.0
0.5024444448225033,-0.033874199804931095,0.0
0.5024444448225034,-0.03387419980493106,0.0
0.5024444448225034,-0.03387419980493104,0.0
0.5025414937866497,-0.033837888585894656,0.0
0.5024448308036762,-0.033875215168814116,0.0
0.5024448308036761,-0.03387521516881418,0.0
0.5024448308036761,-0.03387521516881416,0.0
0.5024448308036761,-0.033875215168814136,0.0
0.5024448308036761,-0.03387521516881416,0.0
0.5024448308036761,-0.033875215168814136,0.0
0.5025391072190653,-0.033832215592407344,0.0
0.5024452867461964,-0.03387620110070783,0.0
0.5024452867461963,-0.03387620110070788,0.0
0.5024452867461963,-0.03387620110070785,0.0
0.5024452867461963,-0.03387620110070785,0.0
0.5024452867461963,-0.03387620110070785,0.0
0.5024452867461963,-0.033876201100707826,0.0
0.5024452867461963,-0.033876201100707826,0.0
0.5024452867461963,-0.033876201100707826,0.0
0.5024452867461963,-0.03387620110070785,0.0
0.5025347903873324,-0.033823988992024615,0.0
0.5024458390009469,-0.03387713649365802,0.0
0.5024458390009469,-0.03387713649365802,0.0
0.5024458390009469,-0.03387713649365802,0.0
0.5024458390009469,-0.03387713649365799,0.0
0.5024458390009467,-0.033877136493658054,0.0
0.5024458390009467,-0.033877136493658054,0.0
0.5025314781420968,-0.033818801739240956,0.0
0.50244645522672,-0.033878031038837006,0.0
0.50244645522672,-0.033878031038837006,0.0
0.5024464552267202,-0.033878031038836944,0.0
0.50244645522672,-0.03387803103883701,0.0
0.5024464552267199,-0.03387803103883708,0.0
0.50244645522672,-0.03387803103883698,0.0
0.49943073104448804,-0.03624540554082161,0.0
0.4962665813500114,-0.038759216659949865,0.0
0.4931964428903816,-0.041224698467841304,0.0
0.49013782481768314,-0.04370445776900386,0.0
0.4871723948375146,-0.046134535835376016,0.0
0.4841399400125565,-0.048646222209294876,0.0
0.4810412396426653,-0.0512402818942956,0.0
0.47811582972002353,-0.05371839229547914,0.0
0.4751247346002774,-0.05627919308643704,0.0
0.4721456031155248,-0.05885390206084545,0.0
0.46910196758069933,-0.06151235506265981,0.0
0.46910196758069933,-0.06151235506265981,0.0
0.463290719113634,-0.06667230180623947,0.0
0.4603662205019449,-0.06930890161974355,0.0
0.4575321791153064,-0.07189100614798516,0.0
0.45456084783214346,-0.07463003517985153,0.0
0.45167973145824863,-0.0773139724269601,0.0
0.4488881716614874,-0.07994194660435433,0.0
0.44603534916852194,-0.08265593896432359,0.0
0.4431952025531378,-0.08538319361130137,0.0
0.4402950279682685,-0.08819745674913847,0.0
0.43755917651043363,-0.09088337766692571,0.0
0.43476387916988884,-0.09365658221839394,0.0
0.4319815329613772,-0.09644278039553837,0.0
0.4292866646447154,-0.0991698189232819,0.0
0.42646291652447754,-0.1020607592867556,0.0
0.42372637306148103,-0.1048919570158933,0.0
0.421003050292058,-0.1077358739977835,0.0
0.4183659459214911,-0.11051881038129661,0.0
0.4156725854216164,-0.1133911195436355,0.0
0.41292383791622206,-0.1163534626674647,0.0
0.41033246379207194,-0.11917903066781961,0.0
0.4076862983649451,-0.12209487689809645,0.0
0.38361446844699404,-0.17852023400332323,0.0
0.383735471953817,-0.1772828323779077,0.0
0.3842209559478431,-0.17379349872340993,0.0
0.3847925327319098,-0.17042227039460991,0.0
0.3853958380512113,-0.16737286260566145,0.0
0.3860250726062361,-0.1645406116697097,0.0
0.38656085977864013,-0.16232485548374884,0.0
0.3870245296934123,-0.16051825848837806,0.0
0.3873966083107029,-0.15911610794083098,0.0
0.38766587705177974,-0.15811550597226628,0.0
0.3878274382964259,-0.15751514479112733,0.0
0.38793374647279466,-0.157114530348971,0.0
0.38803771957707184,-0.15671330402287986,0.0
0.3880629526601238,-0.1566128035928516,0.0
0.38808736547800876,-0.1565121007664805,0.0
0.3881108388234057,-0.15641117501096846,0.0
0.3881108388234057,-0.15641117501096857,0.0
0.3881108388234057,-0.15641117501096852,0.0
0.3881308900195219,-0.15630951526915723,0.0
0.3881308900195219,-0.1563095152691573,0.0
0.3881133310312513,-0.15641163621706064,0.0
0.3881298185262663,-0.15630933681052328,0.0
0.3881298185262663,-0.15630933681052334,0.0
0.3881298185262663,-0.15630933681052334,0.0
0.3881298185262663,-0.15630933681052334,0.0
0.3881298185262663,-0.15630933681052328,0.0
0.3881298185262663,-0.15630933681052328,0.0
0.3881194335805246,-0.15641243462316598,0.0
0.3881287371867863,-0.1563092336106696,0.0
0.3878049001429855,-0.1602334507651358,0.0
0.3874993501532236,-0.16415913413368383,0.0
0.3872218803369959,-0.16798301499964044,0.0
0.3869528909231253,-0.1720152270881764,0.0
0.3867113952496542,-0.1759453709209179,0.0
0.3864882133498122,-0.17987659726214092,0.0
0.3861059724101189,-0.18774239065502998,0.0
0.3859469242609088,-0.19167673359795867,0.0
0.38581214313659723,-0.1955082983467881,0.0
0.3856943472332079,-0.19944409240027794,0.0
0.38559489008607833,-0.2033803925644206,0.0
0.3855139923395025,-0.207420757051235,0.0
0.38545956860030994,-0.2112543053335127,0.0
0.3854073997145058,-0.21912922404208296,0.0
0.3854110287771905,-0.22296315690610732,0.0
0.3854383894579198,-0.22700423857131283,0.0
0.3854856866372591,-0.2309415109371988,0.0
0.3855518327897057,-0.2347748748727601,0.0
0.3855518327897057,-0.23477487487276005,0.0
0.38555543031320116,-0.23487843192898747,0.0
0.38555026522962565,-0.23477494243443622,0.0
0.38555026522962565,-0.23477494243443622,0.0
0.3855579600271085,-0.2348782758567229,0.0
0.38554918241370073,-0.23477502877650933,0.0
0.38554918241370073,-0.23477502877650921,0.0
0.3855600026181052,-0.23487808181744663,0.0
0.38554810270873213,-0.23477514786664958,0.0
0.38554810270873213,-0.23477514786664946,0.0
0.38554810270873213,-0.23477514786664952,0.0
0.38556299456857174,-0.23487769170400857,0.0
0.385547028565445,-0.23477530961175627,0.0
0.385547028565445,-0.23477530961175622,0.0
0.3855650186234093,-0.23487735550282615,0.0
0.38554595981234074,-0.23477550380774714,0.0
0.38554595981234074,-0.2347755038077471,0.0
0.3855670315699589,-0.23487695816744,0.0
0.3855670315699589,-0.23487695816744,0.0
0.3855439551277313,-0.23477594092196227,0.0
0.3855439551277313,-0.23477594092196227,0.0
0.3855690272066196,-0.23487648144578227,0.0
0.38554290254445134,-0.23477620927568316,0.0
0.38554290254445134,-0.23477620927568316,0.0
0.3855710074930643,-0.2348759445148579,0.0
0.3855710074930643,-0.23487594451485796,0.0
0.3855409332775621,-0.23477678531139348,0.0
0.3855409332775621,-0.23477678531139348,0.0
0.38557296496827614,-0.23487532960021723,0.0
0.3855399020031207,-0.23477712651266439,0.0
0.3855399020031207,-0.23477712651266433,0.0
0.38557490292628815,-0.2348746556952058,0.0
0.38553888153313637,-0.2347774987844626,0.0
0.38553888153313637,-0.23477749878446255,0.0
0.3855768195898217,-0.23487392341785424,0.0
0.3855768195898217,-0.2348739234178543,0.0
0.38553697974458173,-0.2347782688685581,0.0
0.3855369797445818,-0.2347782688685582,0.0
0.38557870575773273,-0.234873115828954,0.0
0.3855359877617161,-0.23477871149173313,0.0
0.3855359877617161,-0.23477871149173313,0.0
0.38558056660696605,-0.2348722514972172,0.0
0.38558056660696605,-0.23487225149721713,0.0
0.3855341443912216,-0.23477961249919171,0.0
0.3855341443912216,-0.23477961249919171,0.0
0.38558239177596204,-0.23487131416730908,0.0
0.3855331857386202,-0.23478012331272982,0.0
0.38553318573862017,-0.23478012331272968,0.0
0.3855841877256942,-0.23487032200110322,0.0
0.3855841877256942,-0.23487032200110322,0.0
0.3855314097860505,-0.23478115084457388,0.0
0.38553140978605055,-0.23478115084457396,0.0
0.3855859429847753,-0.23486925950650145,0.0
0.38553048914413107,-0.23478172735453645,0.0
0.38553048914413107,-0.23478172735453645,0.0
0.38558766526666327,-0.23486814434986725,0.0
0.3855295863810843,-0.23478233147717484,0.0
0.38552958638108425,-0.23478233147717478,0.0
0.3855893529918735,-0.23486697755389752,0.0
0.3855893529918736,-0.23486697755389757,0.0
0.3878551047801415,-0.237959779392022,0.0
0.39019871152732444,-0.24112393143023095,0.0
0.3925570351145115,-0.24427712989598868,0.0
0.3949336800355343,-0.24741653661807825,0.0
0.3973285710522807,-0.25054205221142417,0.0
0.39973799833917983,-0.2536563757102744,0.0
0.40216190959274356,-0.2567594395093591,0.0
0.40460384901306773,-0.25984833049396744,0.0
0.40706373929499395,-0.2629229508782144,0.0
0.40953792801286626,-0.26598607687867426,0.0
0.4119626051742068,-0.2689559245244664,0.0
0.414468768527291,-0.27199294542561253,0.0
0.41698905463222696,-0.27501825675762553,0.0
0.4195269143358783,-0.27802883540165846,0.0
0.42208226729651144,-0.2810245860509822,0.0
0.42465155019056294,-0.2840083983970717,0.0
0.42723470724442336,-0.2869802076677741,0.0
0.42983512516761047,-0.28993691906256586,0.0
0.43245272163796833,-0.2928784389800091,0.0
0.4350839946967285,-0.29580773118062437,0.0
0.43766093718646404,-0.29864646712828447,0.0
0.4403227732764682,-0.3015480148766923,0.0
0.4430702275788595,-0.304511557433833,0.0
0.44576233417713546,-0.307385041863904,0.0
0.445690919049303,-0.3073099626684736,0.0
0.4456909190493031,-0.30730996266847366,0.0
0.44576380675902205,-0.30738361311206835,0.0
0.44569015098064874,-0.30731073079334825,0.0
0.44569015098064885,-0.30731073079334836,0.0
0.44569015098064885,-0.30731073079334836,0.0
0.4456901509806488,-0.3073107307933483,0.0
0.4456901509806488,-0.3073107307933483,0.0
0.4456901509806488,-0.3073107307933483,0.0
0.44576800382391324,-0.30737911164494736,0.0
0.4456894384256675,-0.3073115506779008,0.0
0.4456894384256676,-0.30731155067790084,0.0
0.4457693261416906,-0.3073775427902962,0.0
0.44568875102352296,-0.30731239176266006,0.0
0.4456887510235229,-0.30731239176266,0.0
0.4456887510235229,-0.30731239176266,0.0
0.44577118890036643,-0.30737516916728386,0.0
0.445688097461113,-0.30731325940397825,0.0
0.445688097461113,-0.30731325940397825,0.0
0.44577239843593847,-0.3073735118040405,0.0
0.44568747047056345,-0.30731414643731,0.0
0.44568747047056345,-0.30731414643731,0.0
0.4456874704705634,-0.3073141464373099,0.0
0.4457740908955673,-0.3073710138976184,0.0
0.4456868790916044,-0.30731505759931954,0.0
0.44568687909160437,-0.3073150575993195,0.0
0.4457751817436335,-0.30736927611750664,0.0
0.4456863155737982,-0.3073159862504719,0.0
0.44568631557379806,-0.30731598625047185,0.0
0.445686315573798,-0.30731598625047185,0.0
0.4456863155737982,-0.3073159862504719,0.0
0.4456863155737981,-0.3073159862504719,0.0
0.4456863155737981,-0.3073159862504719,0.0
0.4457781887840934,-0.3073639061763883,0.0
0.4456858182799911,-0.307316951985503,0.0
0.4456858182799911,-0.307316951985503,0.0
0.44577910037739715,-0.30736206801783444,0.0
0.4456853504566654,-0.3073179323357551,0.0
0.4456853504566655,-0.30731793233575516,0.0
0.4456853504566656,-0.30731793233575516,0.0
0.4457803456737972,-0.30735931971054364,0.0
0.4456849218147891,-0.3073189304396689,0.0
0.44568492181478914,-0.3073189304396689,0.0
0.44578112668184977,-0.30735742238198954,0.0
0.44568452359204375,-0.30731994106518107,0.0
0.4456845235920438,-0.30731994106518107,0.0
0.44568452359204375,-0.30731994106518107,0.0
0.4456845235920437,-0.30731994106518107,0.0
0.44568452359204375,-0.30731994106518107,0.0
0.44568452359204375,-0.30731994106518107,0.0
0.4457831815289356,-0.3073516209887607,0.0
0.44568419691411654,-0.307320977031789,0.0
0.44568419691411654,-0.307320977031789,0.0
0.44578376887986204,-0.307349655067066,0.0
0.44568390175504735,-0.30732202241516593,0.0
0.44568390175504735,-0.30732202241516593,0.0
0.4456839017550473,-0.30732202241516593,0.0
0.4457845310853547,-0.30734673564950843,0.0
0.4456836482168739,-0.3073230786649827,0.0
0.44568364821687395,-0.3073230786649827,0.0
0.4457849797207612,-0.30734473351177777,0.0
0.44568342677819606,-0.30732414210759645,0.0
0.4456834267781961,-0.30732414210759645,0.0
0.44568342677819595,-0.3073241421075964,0.0
0.44578553620059375,-0.30734176799558577,0.0
0.4456832476176227,-0.3073252134837067,0.0
0.44568324761762246,-0.30732521348370667,0.0
0.445785843930113,-0.3073397394168312,0.0
0.44568310098046354,-0.3073262897935247,0.0
0.44568310098046343,-0.3073262897935247,0.0
0.4456831009804635,-0.3073262897935247,0.0
0.4456831009804634,-0.3073262897935247,0.0
0.4456831009804635,-0.3073262897935247,0.0
0.4456831009804633,-0.3073262897935247,0.0
0.4497134856369481,-0.307621398506514,0.0
0.453538749608996,-0.30787909972905403,0.0
0.4574687343849101,-0.3081231701439415,0.0
0.4613998136671533,-0.3083489274983244,0.0
0.4652285411439575,-0.30854867805353664,0.0
0.46926538463732553,-0.30873571880247774,0.0
0.47319962253717196,-0.3088973444618016,0.0
0.47713457077422294,-0.30904063813950294,0.0
0.48096664447535153,-0.3091600765130061,0.0
0.4849028786364228,-0.3092621124652912,0.0
0.48894318925683317,-0.3093456571976743,0.0
0.49277670106126403,-0.30940259243484997,0.0
0.49671407570616277,-0.30944042908439,0.0
0.5006515839019371,-0.3094599204813203,0.0
0.5044855183207269,-0.30945880318103175,0.0
0.508526617043768,-0.30943408997919464,0.0
0.5124639195509588,-0.3093893722734329,0.0
0.5164009709762041,-0.3093263105472011,0.0
0.5202340393323608,-0.30924481605062143,0.0
0.5242737317793371,-0.30913538769253285,0.0
0.5282092314340029,-0.3090081352879718,0.0
0.5320404612731617,-0.3088641481514484,0.0
0.5359744107014472,-0.3086956471068457,0.0
0.5399075323583191,-0.30850881900782506,0.0
0.5439430946742501,-0.3082959189703704,0.0
0.5477704638160953,-0.3080716427389191,0.0
0.5477704638160953,-0.3080716427389191,0.0
0.5477704638160954,-0.3080716427389191,0.0
0.5477704638160953,-0.3080716427389191,0.0
0.5477704638160953,-0.3080716427389191,0.0
0.5477704638160952,-0.3080716427389191,0.0
0.5478733916886948,-0.3080596903704536,0.0
0.5477705947677732,-0.30807272106954503,0.0
0.5477705947677731,-0.30807272106954503,0.0
0.5477705947677732,-0.30807272106954503,0.0
0.5477705947677731,-0.30807272106954503,0.0
0.5477705947677732,-0.30807272106954503,0.0
0.5477705947677732,-0.30807272106954503,0.0
0.5478724367362364,-0.3080536103518891,0.0
0.5477708007003748,-0.30807378762336196,0.0
0.5477708007003748,-0.30807378762336196,0.0
0.5477708007003748,-0.30807378762336196,0.0
0.5477708007003746,-0.308073787623362,0.0
0.5477708007003748,-0.30807378762336196,0.0
0.5477708007003746,-0.308073787623362,0.0
0.5477708007003746,-0.308073787623362,0.0
0.5515718159538314,-0.3070458607050779,0.0
0.5553680006796838,-0.30600023542155247,0.0
0.5591592724709212,-0.30493693447106307,0.0
0.5628452946931668,-0.3038822807112654,0.0
0.5667240212233702,-0.30274800996069146,0.0
0.5704974503441055,-0.30162302845989925,0.0
0.5741657848940009,-0.30050840923972044,0.0
0.5779272135530243,-0.2993439328984322,0.0
0.5816831759090761,-0.29816194411411123,0.0
0.585531565982587,-0.2969286625267131,0.0
0.5891757265868234,-0.29573738259887145,0.0
0.5929119155979328,-0.29449430481385397,0.0
0.5966422723636478,-0.2932338330343898,0.0
0.6003652207530304,-0.29195165873371154,0.0
0.6040806429076635,-0.29064782250196947,0.0
0.607789949959234,-0.2893266896912683,0.0
0.6113948496730192,-0.2880214110124045,0.0
0.6150901035425466,-0.2866614663274691,0.0
0.6188752311155439,-0.28524587497123405,0.0
0.622556025712416,-0.28384726786343883,0.0
0.6261327682963674,-0.2824667002757795,0.0
0.6297986991189772,-0.2810295844453129,0.0
0.6334578944052836,-0.2795754040703209,0.0
0.6371085544579701,-0.27809993911748526,0.0
0.6407505637070713,-0.27660323629601224,0.0
0.6443855600544367,-0.2750895810311049,0.0
0.6480134645921092,-0.2735590061809654,0.0
0.6515380361826285,-0.27205021544688457,0.0
0.6552438000771661,-0.27043825899906987,0.0
0.6588462641187853,-0.2688487296551501,0.0
0.6623457641722906,-0.2672826665173862,0.0
0.6659313673161397,-0.2656554600765309,0.0
0.6695093501337851,-0.26401156541355036,0.0
0.673172594786533,-0.262305186719994,0.0
0.673079025595752,-0.2623497042739062,0.0
0.6730790255957521,-0.26234970427390614,0.0
0.6731716949869333,-0.2623033427596092,0.0
0.673079516692985,-0.26235067317472077,0.0
0.6730795166929852,-0.2623506731747207,0.0
0.673079516692985,-0.26235067317472077,0.0
0.6730795166929852,-0.2623506731747207,0.0
0.6730795166929852,-0.2623506731747207,0.0
0.6730795166929853,-0.26235067317472066,0.0
0.6731687224073014,-0.262297953665968,0.0
0.6730800742504132,-0.26235160541663965,0.0
0.6730800742504133,-0.2623516054166396,0.0
0.6730800742504133,-0.2623516054166396,0.0
0.6730800742504133,-0.2623516054166396,0.0
0.6730800742504133,-0.2623516054166396,0.0
0.6730800742504135,-0.2623516054166395,0.0
0.6731653807599173,-0.2622927853052316,0.0
0.6730806955458805,-0.2623524964481897,0.0
0.6730806955458807,-0.2623524964481896,0.0
0.6731641818660115,-0.26229112022786916,0.0
0.6730813435368859,-0.2623533682583398,0.0
0.6730813435368859,-0.2623533682583398,0.0
0.673081343536886,-0.26235336825833977,0.0
0.6731623343506693,-0.2622887347209735,0.0
0.6730820255370492,-0.26235421372924894,0.0
0.6730820255370493,-0.2623542137292489,0.0
0.6760913137636237,-0.25981481713246873,0.0
0.6790857582939772,-0.25725794060006424,0.0
0.6820652643321431,-0.25468366507578993,0.0
0.6850327440802197,-0.2520955355096562,0.0
0.6879088822976288,-0.24956040566479562,0.0
0.6909248735287795,-0.24687063122716477,0.0
0.6938497556987309,-0.2442344569161138,0.0
0.6967623237753844,-0.2415846837361611,0.0
0.6995846815222341,-0.23898981358050025,0.0
0.7024693121298509,-0.23630965370393656,0.0
0.7054153940332191,-0.23354348468336755,0.0
0.7081950635824317,-0.2309029370937335,0.0
0.7110356069460093,-0.22817609567810632,0.0
0.7138634146995296,-0.22543604932531075,0.0
0.7166784254573654,-0.22268285751586284,0.0
0.7194773509058626,-0.21991332109597567,0.0
0.7222601024386563,-0.21712752774163743,0.0
0.7250298443223943,-0.21432879935113403,0.0
0.7277123762325847,-0.2115896248538169,0.0
0.7304526270057408,-0.2087620151907696,0.0
0.733249738513379,-0.2058452949701197,0.0
0.7359601970355846,-0.20298911477521855,0.0
0.738584713283571,-0.20019430371899333,0.0
0.7412650816884823,-0.19730986687269242,0.0
0.7439319819601978,-0.19441297307984037,0.0
0.7465819626921067,-0.1915005998606536,0.0
0.7492149399930288,-0.18857283941294437,0.0
0.7518342478237262,-0.1856328432914518,0.0
0.7543695855833822,-0.182756888350844,0.0
0.7570242685658708,-0.1797099640173238,0.0
0.7595952874403216,-0.17672764735848923,0.0
0.7595952874403215,-0.1767276473584893,0.0
0.7595289644014048,-0.1768072605519852,0.0
0.7595944492151837,-0.1767269564721751,0.0
0.7595944492151836,-0.17672695647217526,0.0
0.7595305672752658,-0.17680854142067734,0.0
0.7595305672752659,-0.17680854142067726,0.0
0.7595928212941118,-0.176725707591795,0.0
0.7595928212941117,-0.1767257075917951,0.0
0.7595322196052638,-0.17680975782307704,0.0
0.7595919368701186,-0.17672507692589207,0.0
0.7595919368701185,-0.17672507692589215,0.0
0.7595339080102521,-0.1768109236351614,0.0
0.7595910337551135,-0.17672447332952987,0.0
0.7595910337551136,-0.17672447332952979,0.0
0.7595910337551136,-0.17672447332952979,0.0
0.7595364492912048,-0.17681255024120116,0.0
0.7595901074502774,-0.17672390596313026,0.0
0.7595901074502774,-0.17672390596313026,0.0
0.7615178603321946,-0.17340987168415747,0.0
0.763479848306401,-0.16999593643353964,0.0
0.7654750736682826,-0.1664816562245898,0.0
0.7673485303327069,-0.1631366278984812,0.0
0.7692545885142305,-0.15969115363287,0.0
0.7711445730061146,-0.1562368361421382,0.0
0.7730184427808591,-0.15277375041209296,0.0
0.7748721099014677,-0.1492998140492185,0.0
0.7767055156858826,-0.14581513702888857,0.0
0.77852266591748,-0.14232195570777934,0.0
0.7802741433751745,-0.13891147464330542,0.0
0.7820545749259036,-0.13539943617547653,0.0
0.7838629409740737,-0.1317854491988073,0.0
0.7856064581830781,-0.12825493954037978,0.0
0.7872860508414817,-0.12480848877505887,0.0
0.7889924621046127,-0.12125989591204948,0.0
0.7907246644015431,-0.11760879130738269,0.0
0.7923478346035557,-0.11413541069604126,0.0
0.7939961542765294,-0.11055946425320594,0.0
0.7956277951671366,-0.10697587684525285,0.0
0.7956277951671366,-0.10697587684525275,0.0
0.7956277951671366,-0.10697587684525266,0.0
0.7956277951671366,-0.10697587684525256,0.0
0.7956277951671366,-0.10697587684525256,0.0
0.7956277951671364,-0.10697587684525287,0.0
0.7956277951671364,-0.10697587684525277,0.0
0.7956277951671364,-0.10697587684525287,0.0
0.7956277951671364,-0.10697587684525287,0.0
0.7956277951671366,-0.10697587684525266,0.0
0.7956277951671366,-0.10697587684525277,0.0
0.7956277951671366,-0.10697587684525288,0.0
0.7956277951671366,-0.10697587684525288,0.0
0.7956277951671366,-0.10697587684525277,0.0
0.7956277951671367,-0.10697587684525256,0.0
0.7956277951671366,-0.10697587684525299,0.0
0.7956277951671366,-0.10697587684525288,0.0
0.7956277951671367,-0.10697587684525267,0.0
0.7956277951671367,-0.10697587684525289,0.0
0.7956277951671367,-0.10697587684525278,0.0
0.7956277951671367,-0.10697587684525267,0.0
0.7956277951671367,-0.10697587684525256,0.0
0.7956277951671367,-0.10697587684525267,0.0
0.7956277951671367,-0.10697587684525278,0.0
0.7956277951671367,-0.10697587684525278,0.0
0.7956277951671367,-0.10697587684525278,0.0
0.7970311537537076,-0.09922685119597917,0.0
0.7977012222126681,-0.09534672761977082,0.0
0.7983532052984711,-0.09146352420478367,0.0
0.7989682035459861,-0.08767923675118029,0.0
0.7995794433933145,-0.08378941200507897,0.0
0.8001858343367714,-0.07979399217039289,0.0
0.800739042780156,-0.07600017947152192,0.0
0.8012867723916994,-0.07210090479807522,0.0
0.8018163287299962,-0.06819912048946578,0.0
0.8023277002995162,-0.06429491124504445,0.0
0.8028163247914313,-0.06038779443680491,0.0
0.8032821867372192,-0.056477893753436106,0.0
0.8037298267901101,-0.05256586498444819,0.0
0.8041457151740786,-0.0487545540252083,0.0
0.8045606799294589,-0.04473474135749575,0.0
0.8049444694311764,-0.04081593333403895,0.0
0.8053099964301198,-0.036895379709946066,0.0
0.8056458902614493,-0.03307618742491813,0.0
0.8059702982217476,-0.02915201742584369,0.0
0.8062821285047607,-0.025122892023686783,0.0
0.8065557004695905,-0.021298730317377633,0.0
0.8068160762838622,-0.017369792147632106,0.0
0.807058143736953,-0.01343968349080141,0.0
0.8072737799052048,-0.009611817842834675,0.0
0.807477569955544,-0.005575785230591312,0.0
0.807655519372408,-0.0016422518684117869,0.0
0.8078151399130233,0.00229206789354899,0.0
0.8079504784761755,0.006123612993018371,0.0
0.8080688469825236,0.010059389867162302,0.0
0.8081691562941963,0.014099319034079037,0.0
0.8082419982265457,0.01793256158169268,0.0
0.8082961727153021,0.02186974532532293,0.0
0.8083320026635579,0.025807138742439447,0.0
0.8083494872935217,0.029744656360693303,0.0
0.8083440397947017,0.03368220457907523,0.0
0.8083156603395509,0.03761965874552174,0.0
0.8082689359799916,0.04155693795083157,0.0
0.8082033475302691,0.04539031146918381,0.0
0.8081153514509118,0.049326884521517816,0.0
0.8080038642640491,0.05336652067331113,0.0
0.8080075673420734,0.05326296733786051,0.0
0.8080075673420734,0.05326296733786051,0.0
0.8080075673420734,0.0532629673378604,0.0
0.808000850804691,0.05336636895387965,0.0
0.808000850804691,0.053366368953879764,0.0
0.808000850804691,0.05336636895387965,0.0
0.8079911265029329,0.05346953117576888,0.0
0.8080019317144148,0.05336647656173022,0.0
0.8080019317144148,0.05336647656173033,0.0
0.8079890881202993,0.05346929702739755,0.0
0.8079890881202993,0.05346929702739744,0.0
0.8080039650612555,0.05336675102456158,0.0
0.8080039650612555,0.0533667510245618,0.0
0.8079870606064982,0.05346898235771918,0.0
0.8080050358179907,0.05336693385042177,0.0
0.8080050358179907,0.05336693385042199,0.0
0.8079850435505973,0.05346860643922682,0.0
0.8079850435505974,0.0534686064392265,0.0
0.8080070450352045,0.05336734963330787,0.0
0.8080070450352045,0.053367349633307984,0.0
0.8079830429598566,0.05346815095496981,0.0
0.8080081004112084,0.05336760678456918,0.0
0.8080081004112084,0.05336760678456928,0.0
0.8079810570785352,0.05346763510169838,0.0
0.8080091475167375,0.053367895774693405,0.0
0.8080091475167375,0.05336789577469351,0.0
0.8080091475167375,0.05336789577469351,0.0
0.8079781650058323,0.05346677494382338,0.0
0.8080101823593612,0.053368225995869524,0.0
0.8080101823593612,0.05336822599586963,0.0
0.807976219994734,0.053466121674317094,0.0
0.8080112067283689,0.05336858740065206,0.0
0.8080112067283689,0.053368587400652166,0.0
0.8079742956565054,0.05346540980944094,0.0
0.8079742956565054,0.05346540980944105,0.0
0.8080131165942851,0.0533693372282344,0.0
0.8080131165942851,0.053369337228234504,0.0
0.8079724010117336,0.05346462231314948,0.0
0.8080141132255074,0.053369769283193196,0.0
0.8080141132255074,0.0533697692831933,0.0
0.8079705310811224,0.05346377780812898,0.0
0.8079705310811223,0.05346377780812918,0.0
0.8080159660681722,0.05337065064763556,0.0
0.8080159660681722,0.053370650647635465,0.0
0.8079686960528776,0.053462859929835654,0.0
0.8080169300957689,0.05337115124335406,0.0
0.8080169300957689,0.053371151243354155,0.0
0.8079668896594228,0.05346188690778713,0.0
0.8080178785232814,0.05337168080027672,0.0
0.8080178785232817,0.053371680800276426,0.0
0.8080178785232816,0.05337168080027662,0.0
0.8079642848610505,0.05346036408753229,0.0
0.8080188052405928,0.053372247492702786,0.0
0.8080188052405928,0.053372247492702786,0.0
0.8079625508240844,0.05345926729902917,0.0
0.8080197143735206,0.053372841986269064,0.0
0.8080197143735206,0.053372841986269064,0.0
0.8079608507929993,0.053458118506824304,0.0
0.8079608507929992,0.053458118506824394,0.0
0.8080213913250228,0.05337402421419964,0.0
0.8080213913250229,0.05337402421419946,0.0
0.8079591975785889,0.05345690330670332,0.0
0.8080222567247173,0.05337468074192141,0.0
0.8080222567247174,0.05337468074192132,0.0
0.8079575819185016,0.05345563860448427,0.0
0.8079575819185015,0.05345563860448435,0.0
0.8080238470267215,0.05337597718658113,0.0
0.8080238470267216,0.053375977186580964,0.0
0.8079560175981151,0.053454310925701944,0.0
0.8080246644680525,0.05337669254310128,0.0
0.8080246644680527,0.0533766925431012,0.0
0.8079544941971429,0.0534529364881084,0.0
0.80802545987356,0.05337743232371711,0.0
0.8080254598735599,0.053377432323717194,0.0
0.8079530131126784,0.05345151655218396,0.0
0.8079530131126785,0.053451516552183886,0.0
0.8080269125526676,0.05337888130702653,0.0
0.8080269125526677,0.053378881307026456,0.0
0.8079515894085032,0.05345003908961539,0.0
0.8080276543570687,0.05337967482546453,0.0
0.8080276543570687,0.05337967482546453,0.0
0.8079502110947157,0.05344851919477583,0.0
0.8079502110947157,0.05344851919477583,0.0
0.8080290023064414,0.05338122171321394,0.0
0.8080290023064415,0.05338122171321387,0.0
0.8079488940382701,0.053446945920629464,0.0
0.8080296868880336,0.05338206509528892,0.0
0.8080296868880338,0.05338206509528878,0.0
0.8079476252244836,0.05344533348743841,0.0
0.8080303456181117,0.05338292881976177,0.0
0.8080303456181115,0.0533829288197619,0.0
0.8080303456181116,0.05338292881976184,0.0
0.807945843337533,0.05344289856752505,0.0
0.8080309696345709,0.05338381794783994,0.0
0.804779253548437,0.05560433437460311,0.0
0.8015172270241879,0.0578096764481669,0.0
0.7982424157597348,0.05999598082531431,0.0
0.7949549234266926,0.06216317829359681,0.0
0.7916573694651816,0.06431503530029228,0.0
0.7883498254580111,0.06645150513320978,0.0
0.7850298986408953,0.06856867342513218,0.0
0.7816976941136862,0.07066647315227059,0.0
0.7783557517781988,0.07274872484998117,0.0
0.7750911746544612,0.07475909560661045,0.0
0.7717275878175553,0.07680619948695701,0.0
0.7682645223653085,0.07888905025097553,0.0
0.764879660668984,0.0809007813470971,0.0
0.7615736541460567,0.08284226924206342,0.0
0.7581678895703217,0.0848184064743957,0.0
0.7547529548292435,0.08677865427008796,0.0
0.7513266655250626,0.0887189782768919,0.0
0.747889130124777,0.09063931706942803,0.0
0.7444426848776102,0.09254361900573527,0.0
0.741077264554055,0.09438019201592095,0.0
0.7376110459854784,0.09624826041434495,0.0
0.7340436125844803,0.09814681474887223,0.0
0.7305580016152271,0.09997844431768954,0.0
0.727154817680967,0.1017440585126749,0.0
0.7236501973629045,0.1035390479646126,0.0
0.7201372519482037,0.10531768936176938,0.0
0.7166140114056827,0.10707583944832656,0.0
0.7130805872715512,0.10881344256603585,0.0
0.7095391057252873,0.11053456405036494,0.0
0.7059896436448446,0.11223916653946503,0.0
0.7025249380737896,0.11388077236360387,0.0
0.6988629356639614,0.11558981536543927,0.0
0.6952861496138223,0.11723631233108134,0.0
0.6917951360516821,0.11882120307964981,0.0
0.688201286397755,0.12043011431751016,0.0
0.6845999795830704,0.12202226378689024,0.0
0.6809894653542552,0.12359341070899726,0.0
0.6773698580103661,0.1251435053455947,0.0
0.6773698580103661,0.1251435053455947,0.0
0.6701091735159775,0.12819301791848037,0.0
0.6665632198188041,0.12965084738499777,0.0
0.6628167070999376,0.13116568469609272,0.0
0.6591585705984642,0.1326225265004533,0.0
0.6555893164401984,0.13402234046296727,0.0
0.6519161089498549,0.1354407541682129,0.0
0.648138661484004,0.136876713873233,0.0
0.6444507866726112,0.1382565436025255,0.0
0.6408529702434109,0.1395812214190966,0.0
0.6371508333906579,0.14092231553579102,0.0
0.6334424883541839,0.14224614626394103,0.0
0.629726500508462,0.14354835591594464,0.0
0.6260029874915571,0.14482890326738732,0.0
0.6222735486197586,0.14609208829257647,0.0
0.618538264851169,0.14733788357048008,0.0
0.6148949717857075,0.14853181406054577,0.0
0.6110474798583391,0.1497678947620151,0.0
0.6110474798583392,0.14976789476201507,0.0
0.6111466718587402,0.14973792889599696,0.0
0.6111466718587403,0.14973792889599694,0.0
0.6110469059743989,0.14976592486698145,0.0
0.6111469598571104,0.14973897627473434,0.0
0.6111469598571105,0.14973897627473431,0.0
0.611046392002018,0.14976393849802977,0.0
0.6110463920020179,0.1497639384980298,0.0
0.6111474343982484,0.14974097243102302,0.0
0.6110461568020028,0.14976287801406776,0.0
0.611046156802003,0.1497628780140677,0.0
0.6111478482781894,0.14974298204108838,0.0
0.6111478482781895,0.14974298204108835,0.0
0.611045782793861,0.14976086060307084,0.0
0.6110457827938608,0.14976086060307087,0.0
0.611148182267889,0.14974500646201813,0.0
0.6110456222223533,0.14975978628371808,0.0
0.6110456222223533,0.14975978628371808,0.0
0.6111484548049877,0.14974704006786743,0.0
0.6111484548049878,0.14974704006786743,0.0
0.6110453900044654,0.14975774768025663,0.0
0.6111485613891526,0.1497481210790129,0.0
0.6111485613891525,0.1497481210790129,0.0
0.6110452196219585,0.14975570298002877,0.0
0.6110452196219586,0.14975570298002877,0.0
0.6111486912528044,0.14975016875199765,0.0
0.6111486912528046,0.14975016875199765,0.0
0.6110451303280795,0.149753653137151,0.0
0.611148722089004,0.14975125456708763,0.0
0.6111487220890037,0.14975125456708763,0.0
0.6110451031443737,0.14975160153039857,0.0
0.6110451031443738,0.14975160153039857,0.0
0.6111487086451771,0.14975330630987949,0.0
0.6110451267083586,0.14975051553315205,0.0
0.6110451267083588,0.14975051553315205,0.0
0.6111486330807571,0.14975535670477774,0.0
0.611148633080757,0.14975535670477774,0.0
0.6110452428561729,0.14974846703640912,0.0
0.6110452428561732,0.14974846703640915,0.0
0.6111484763950886,0.1497574025001785,0.0
0.6110453421985961,0.14974738533572787,0.0
0.611045342198596,0.14974738533572787,0.0
0.6111482578345964,0.1497594426130508,0.0
0.6111482578345963,0.14975944261305077,0.0
0.6110456011108633,0.14974534995034464,0.0
0.6111481044612277,0.1497605179836337,0.0
0.6111481044612276,0.14976051798363368,0.0
0.6110459215358631,0.14974332333813703,0.0
0.611045921535863,0.149743323338137,0.0
0.6111477439717382,0.1497625378540623,0.0
0.6110461285555032,0.14974225699478264,0.0
0.6110461285555031,0.1497422569947826,0.0
0.6111473224858865,0.14976454588267196,0.0
0.6111473224858864,0.14976454588267193,0.0
0.611046589718073,0.1497402577053327,0.0
0.6091326671296209,0.14927878233588743,0.0
0.6072140120850081,0.14883739587146602,0.0
0.6051898722558932,0.1483927964619258,0.0
0.6032628538143454,0.1479894862622936,0.0
0.6014335622672655,0.14762549575578568,0.0
0.5993973357476161,0.14724001911129225,0.0
0.5974593916055236,0.1468929864135206,0.0
0.5954159317630486,0.14654790301061169,0.0
0.5934714962280027,0.14623931000802762,0.0
0.591523932571079,0.1459511173755355,0.0
0.5894709606220118,0.14566806815875993,0.0
0.5875180725024343,0.1454184941544935,0.0
0.585562675418429,0.1451894058853584,0.0
0.5835020741192265,0.14496865043582777,0.0
0.5815425243858691,0.14477832431126628,0.0
0.5795810871464749,0.14460855049964838,0.0
0.5775147462503804,0.14445029126959194,0.0
0.5755503319832818,0.1443193875705882,0.0
0.5735846533995484,0.1442090839140557,0.0
0.5735846533995486,0.1442090839140557,0.0
0.5735846533995484,0.1442090839140557,0.0
0.5735846533995483,0.1442090839140557,0.0
0.5735846533995482,0.1442090839140557,0.0
0.5735846533995483,0.1442090839140557,0.0
0.5735846533995483,0.1442090839140557,0.0
0.5734817377635482,0.1441970266367328,0.0
0.5735845213487891,0.14421016211064158,0.0
0.573584521348789,0.14421016211064155,0.0
0.5735845213487888,0.14421016211064153,0.0
0.5735845213487888,0.14421016211064153,0.0
0.5735845213487891,0.14421016211064158,0.0
0.573584521348789,0.14421016211064155,0.0
0.573584521348789,0.14421016211064155,0.0
0.5735845213487889,0.14421016211064153,0.0
0.5735845213487889,0.14421016211064153,0.0
0.5735845213487888,0.1442101621106415,0.0
0.573584521348789,0.14421016211064155,0.0
0.573584521348789,0.14421016211064155,0.0
0.573584521348789,0.14421016211064155,0.0
0.573584521348789,0.14421016211064155,0.0
0.5735845213487888,0.1442101621106415,0.0
0.5735845213487889,0.14421016211064153,0.0
0.5735845213487888,0.1442101621106415,0.0
0.5735845213487889,0.14421016211064153,0.0
0.573584521348789,0.14421016211064155,0.0
0.573584521348789,0.14421016211064155,0.0
0.5735845213487889,0.14421016211064153,0.0
0.5735845213487888,0.1442101621106415,0.0
0.5735845213487889,0.14421016211064153,0.0
0.5734874196268658,0.1441739922105958,0.0
0.5735841368461566,0.1442111780353467,0.0
0.5735841368461568,0.14421117803534678,0.0
0.5735841368461567,0.14421117803534672,0.0
0.5735841368461566,0.14421117803534667,0.0
0.5735841368461565,0.1442111780353466,0.0
0.5735841368461566,0.14421117803534667,0.0
0.5735841368461567,0.14421117803534672,0.0
0.5735841368461566,0.14421117803534667,0.0
0.5735841368461568,0.14421117803534675,0.0
0.5735841368461567,0.1442111780353467,0.0
0.5717236473826508,0.143298276266833,0.0
0.5700416236123742,0.14249230313497852,0.0
0.5681644447549221,0.14161423125870215,0.0
0.5663729552160492,0.14079776054685614,0.0
0.5645730050964392,0.14000011478706742,0.0
0.5626700989978694,0.13917928650855987,0.0
0.5608547082083861,0.13841743647564542,0.0
0.5590314307371359,0.13767465894904438,0.0
0.5571045425302752,0.13691182704027646,0.0
0.5552669153637471,0.13620529637000836,0.0
0.5534219826472049,0.1355180682691382,0.0
0.5514728794585912,0.13481393231429195,0.0
0.5496147011813034,0.1341633689576473,0.0
0.5477498051855894,0.13353232053132577,0.0
0.5457802745148582,0.13288752628521286,0.0
0.5439032492402786,0.13229352686620313,0.0
0.5420207670406256,0.13171704270966575,0.0
0.540132998184075,0.13115812595787626,0.0
0.5382394739614835,0.13061902929710836,0.0
0.536240768054369,0.13007132008626887,0.0
0.5343369408276869,0.1295698212506415,0.0
0.5324279610262741,0.12908830769009394,0.0
0.5304135869828241,0.12860137042940276,0.0
0.5284954473635932,0.12815774942862787,0.0
0.5265727626863086,0.12773426055873022,0.0
0.5245445678652941,0.12730854181262868,0.0
0.5226138749568243,0.1269232054863143,0.0
0.5206792486751972,0.12655812968373392,0.0
0.51863909311026,0.12619401987388246,0.0
0.5166976175283359,0.12586732160944655,0.0
0.5167998004537007,0.12588451625494326,0.0
0.5166978033935905,0.12586625137611315,0.0
0.5166978033935903,0.12586625137611313,0.0
0.5167994188098257,0.12588653223539287,0.0
0.5166980215802753,0.12586518726152754,0.0
0.5166980215802753,0.12586518726152754,0.0
0.5166980215802753,0.12586518726152754,0.0
0.5166980215802753,0.12586518726152754,0.0
0.5166980215802753,0.12586518726152754,0.0
0.5166980215802752,0.1258651872615275,0.0
0.5167979727118247,0.1258925144891917,0.0
0.5166983135422146,0.12586414098073023,0.0
0.5166983135422146,0.12586414098073023,0.0
0.5166983135422145,0.1258641409807302,0.0
0.5166983135422144,0.12586414098073018,0.0
0.5166983135422145,0.1258641409807302,0.0
0.5166983135422144,0.12586414098073018,0.0
0.5167961123989139,0.1258983811573957,0.0
0.516698677853966,0.1258631176419649,0.0
0.516698677853966,0.1258631176419649,0.0
0.5167953950732568,0.1259003034667158,0.0
0.5166990729853549,0.12586210580380278,0.0
0.516699072985355,0.12586210580380283,0.0
0.5166990729853549,0.12586210580380278,0.0
0.5167942420850652,0.12590309175908188,0.0
0.5166995078682437,0.12586111040330358,0.0
0.5166995078682437,0.12586111040330358,0.0
0.5167933922742743,0.1259049592844071,0.0
0.5166999726924395,0.12586012862749016,0.0
0.5166999726924396,0.12586012862749021,0.0
0.5166999726924395,0.12586012862749016,0.0
0.5166999726924396,0.12586012862749021,0.0
0.5166999726924398,0.12586012862749033,0.0
0.5166999726924397,0.12586012862749027,0.0
0.5167905659145446,0.12591042648210063,0.0
0.516700504940037,0.12585918170733737,0.0
0.5167005049400372,0.12585918170733743,0.0
0.516789533602456,0.1259121996603128,0.0
0.5167010656163114,0.12585825133784292,0.0
0.5167010656163114,0.12585825133784292,0.0
0.5167010656163114,0.12585825133784292,0.0
0.5167879253523314,0.12591475259737145,0.0
0.5167016626887244,0.12585734389648703,0.0
0.5167016626887246,0.12585734389648714,0.0
0.5167867717379677,0.1259164493599124,0.0
0.5167022869646717,0.12585645495058173,0.0
0.5167022869646717,0.12585645495058173,0.0
0.5151077677331488,0.12470165297123777,0.0
0.5134173721185341,0.12350274790874806,0.0
0.5118003001829146,0.12237974410366803,0.0
0.5101715447127194,0.12127375368350078,0.0
0.508445621381926,0.1201265835396268,0.0
0.5068827372072399,0.11910864949973993,0.0
0.5052224705509868,0.11805055034496918,0.0
0.5034638782516168,0.11695411803635641,0.0
0.5017829865148697,0.11592909990942953,0.0
0.5000914419289114,0.11492175880289787,0.0
0.4983004560588447,0.11387907941977359,0.0
0.496589297543201,0.11290542869927243,0.0
0.4947780175336292,0.11189841558630002,0.0
0.49304791600951137,0.11095883700659658,0.0
0.4913080599983427,0.11003744661615825,0.0
0.4894671181903511,0.10908574080953462,0.0
0.4877093595611058,0.10819898053048206,0.0
0.48594240165591945,0.10733069546640879,0.0
0.48407348635561254,0.10643516976434844,0.0
0.4822896826410279,0.10560204102338078,0.0
0.48238356704705854,0.10564588990448429,0.0
0.4822901474652237,0.10560105924756737,0.0
0.4822901474652236,0.10560105924756731,0.0
0.4823826610772894,0.1056477308412018,0.0
0.4822906418044424,0.10560009199681518,0.0
0.4822906418044423,0.10560009199681512,0.0
0.48238169977939593,0.10564954350101008,0.0
0.4823816997793958,0.10564954350101002,0.0
0.4822916388048882,0.10559829872624676,0.0
0.4822916388048883,0.10559829872624682,0.0
0.48238066746730723,0.1056513166792222,0.0
0.4822921994811627,0.10559736835675239,0.0
0.4822921994811626,0.10559736835675233,0.0
0.4823795819367549,0.10565305778595084,0.0
0.4823795819367548,0.10565305778595079,0.0
0.482293319273148,0.1055956490850665,0.0
0.4822933192731479,0.10559564908506644,0.0
0.4823784283223911,0.10565475454849176,0.0
0.4822939435490952,0.10559476013916122,0.0
0.4822939435490951,0.10559476013916115,0.0
0.482377223859052,0.10565641560155693,0.0
0.48237722385905213,0.105656415601557,0.0
0.4822951806654735,0.10559312326033646,0.0
0.48229518066547333,0.10559312326033632,0.0
0.48237595457469057,0.10565802766434422,0.0
0.482295865493199,0.10559228007810988,0.0
0.48229586549319886,0.10559228007810974,0.0
0.4823746370591012,0.10565960055400729,0.0
0.4822968947865509,0.10559109586344169,0.0
0.48237359176866096,0.10566077067241156,0.0
0.482373591768661,0.10566077067241163,0.0
0.48229828939689834,0.10558959090789445,0.0
0.4822982893968983,0.10558959090789437,0.0
0.48237216763331137,0.10566224771937306,0.0
0.4822993988721508,0.10558848146035234,0.0
0.48237069278157657,0.10566367409330006,0.0
0.482300544767374,0.10558740967057727,0.0
0.48096773249752633,0.10413838563884562,0.0
0.4796198034211307,0.10270341302719019,0.0
0.47818604407153165,0.10120703579861112,0.0
0.4768099665170713,0.09979903375482577,0.0
0.47401713141841995,0.09702342533250222,0.0
0.472600642270505,0.09565608569472683,0.0
0.4710954227410958,0.0942316121600276,0.0
0.46965213770155706,0.09289258733358256,0.0
0.46819489504146533,0.09156876596315473,0.0
0.46664723267266345,0.09019052364956573,0.0
0.4651640637803417,0.08889581548629458,0.0
0.46366740402819684,0.08761672644424078,0.0
0.46055594713990733,0.08503807598062338,0.0
0.459021242864785,0.08380489230447709,0.0
0.45739299046829274,0.0825228607853284,0.0
0.45583416979029695,0.08132030630213641,0.0
0.45418085213381976,0.08007076582277861,0.0
0.45259852624463626,0.0788993120372574,0.0
0.44940013021228725,0.07660275095107043,0.0
0.4494001302122874,0.07660275095107055,0.0
0.4494001302122873,0.07660275095107048,0.0
0.4494001302122876,0.07660275095107068,0.0
0.4494001302122875,0.07660275095107061,0.0
0.44940013021228736,0.07660275095107054,0.0
0.44940013021228736,0.07660275095107054,0.0
0.44940013021228725,0.07660275095107047,0.0
0.44940013021228736,0.07660275095107054,0.0
0.4494001302122875,0.07660275095107061,0.0
0.44940013021228736,0.07660275095107054,0.0
0.44940013021228725,0.07660275095107047,0.0
0.4494001302122873,0.07660275095107054,0.0
0.4494001302122873,0.07660275095107054,0.0
0.44940013021228725,0.07660275095107047,0.0
0.4494001302122875,0.07660275095107069,0.0
0.4494001302122874,0.07660275095107061,0.0
0.44940013021228736,0.07660275095107053,0.0
0.4494001302122873,0.07660275095107044,0.0
0.44940013021228736,0.07660275095107053,0.0
0.4494001302122873,0.07660275095107044,0.0
0.4494001302122875,0.07660275095107061,0.0
0.44940013021228753,0.07660275095107069,0.0
0.44940013021228736,0.07660275095107053,0.0
0.44940013021228736,0.07660275095107053,0.0
0.4494001302122873,0.07660275095107044,0.0
0.4494001302122873,0.07660275095107044,0.0
0.44933388835808385,0.07652307019541751,0.0
0.4493992912833599,0.07660344098261727,0.0
0.4493992912833599,0.07660344098261727,0.0
0.44939929128335987,0.07660344098261719,0.0
0.44939929128335987,0.07660344098261719,0.0
0.44939929128335976,0.07660344098261701,0.0
0.44939929128335987,0.07660344098261719,0.0
0.44939929128336,0.07660344098261737,0.0
0.44939929128335987,0.07660344098261719,0.0
0.4493992912833599,0.07660344098261729,0.0
0.44939929128335987,0.07660344098261719,0.0
0.4493992912833598,0.0766034409826171,0.0
0.44939929128335976,0.076603440982617,0.0
0.44939929128335987,0.07660344098261719,0.0
0.4493992912833599,0.07660344098261729,0.0
0.44939929128335987,0.07660344098261719,0.0
0.4493992912833599,0.07660344098261729,0.0
0.44939929128335987,0.07660344098261719,0.0
0.4493992912833598,0.0766034409826171,0.0
0.44939929128335976,0.076603440982617,0.0
0.44939929128336,0.07660344098261739,0.0
0.44841702995622496,0.07477861952066846,0.0
0.44746676489249576,0.0730543644641736,0.0
0.44655038437677047,0.071429851182158,0.0
0.44551540850197996,0.06963440259715918,0.0
0.44451534338839394,0.06793854618820801,0.0
0.4434450201905657,0.0661639423070658,0.0
0.4424115728539227,0.06448821983792685,0.0
0.44136061579376246,0.06282342301882453,0.0
0.44023704839286854,0.061082042251036674,0.0
0.4391533340724346,0.05943838095293452,0.0
0.4380524488860736,0.057806170489285894,0.0
0.4368766676925776,0.056099609834696605,0.0
0.4357436802500245,0.05448951709009789,0.0
0.43459387654633364,0.052891389862943734,0.0
0.43336695985535423,0.05122121438827939,0.0
0.4321857383401551,0.04964616679432467,0.0
0.430988070590603,0.04808358842736986,0.0
0.42977589221143403,0.04653223521426044,0.0
0.4285493128426769,0.04499224747296751,0.0
0.42854931284267683,0.04499224747296742,0.0
0.42848551409602703,0.044910597451561,0.0
0.42848551409602714,0.044910597451561174,0.0
0.4285476836494586,0.044993494693348166,0.0
0.4284863865194434,0.044909950286463544,0.0
0.4284863865194433,0.044909950286463454,0.0
0.42854601743747245,0.04499469200986345,0.0
0.4285460174374724,0.04499469200986336,0.0
0.4284880761118745,0.044908786195987246,0.0
0.4285451137076869,0.04499529468536111,0.0
0.4285451137076869,0.04499529468536111,0.0
0.4284898001782047,0.04490767380014514,0.0
0.42848980017820465,0.04490767380014504,0.0
0.42854336795369885,0.04499637272628513,0.0
0.4284907329477207,0.04490711712581414,0.0
0.4284907329477207,0.04490711712581414,0.0
0.4285415903571444,0.04499739741146119,0.0
0.42854159035714434,0.044997397411461096,0.0
0.4284925304847509,0.04490612783826969,0.0
0.42849253048475083,0.04490612783826959,0.0
0.4285397735844274,0.04499835091348807,0.0
0.42849349985020735,0.0449056376588203,0.0
0.42849349985020735,0.0449056376588203,0.0
0.42853792877274616,0.04499924896642705,0.0
0.4285379287727461,0.044999248966426944,0.0
0.4284953620818449,0.044904776309559746,0.0
0.42849536208184485,0.04490477630955964,0.0
0.4285360498513071,0.04500007327428602,0.0
0.42849636331052093,0.044904355018189,0.0
0.42849636331052093,0.044904355018189,0.0
0.42853414683140006,0.04500084031043504,0.0
0.4284973768367892,0.04490396423719614,0.0
0.42849737683678923,0.044903964237196246,0.0
0.4285322214582622,0.04500154937143416,0.0
0.4285322214582622,0.04500154937143416,0.0
0.42849931587201356,0.04490329343795715,0.0
0.42849931587201356,0.04490329343795715,0.0
0.42853026952121975,0.045002181645902174,0.0
0.4285003542126335,0.044902974386177935,0.0
0.4285003542126336,0.044902974386178254,0.0
0.4285282993339601,0.04500275452580436,0.0
0.42852829933396014,0.04500275452580446,0.0
0.4285023353567827,0.044902440628666856,0.0
0.4285023353567827,0.044902440628666856,0.0
0.4285263080097003,0.04500324895164591,0.0
0.4285033934422769,0.044902194863804035,0.0
0.4285033934422769,0.044902194863804035,0.0
0.42852477499733277,0.04500358314061253,0.0
0.42852477499733277,0.04500358314061253,0.0
0.42850540514110647,0.04490179138141489,0.0
0.42852323168274603,0.04500386596435762,0.0
0.42852323168274603,0.04500386596435751,0.0
0.4281869299528319,0.042958942535661994,0.0
0.4278482256616799,0.04101952545974735,0.0
0.4274892091761029,0.0390837655690904,0.0
0.4270911413878245,0.037049963042120604,0.0
0.4266938668716352,0.03512169123815239,0.0
0.42627640021460284,0.03319768999556955,0.0
0.42581693143125243,0.031176873546730353,0.0
0.4253614510258172,0.029261515410125664,0.0
0.4248620597688248,0.027250192697279574,0.0
0.4243687442024539,0.02534422865166681,0.0
0.4238835380687484,0.02354329232273639,0.0
0.42332579743318044,0.021547362447663157,0.0
0.42277719750524145,0.01965656967470845,0.0
0.422208806642103,0.0177716317399495,0.0
0.42159088501215164,0.01579350546945742,0.0
0.4209852834491503,0.0139201913105182,0.0
0.4203600773104274,0.012053328574456557,0.0
0.4196825413747602,0.010094820024909084,0.0
0.419020493566775,0.008240702474391837,0.0
0.4183390455216724,0.0063936270149104885,0.0
0.4176025166405357,0.004456532311488612,0.0
0.4168846297438339,0.002623311758817384,0.0
0.4161098904111919,0.0007011802208548113,0.0
0.41535584613625637,-0.0011174666449851203,0.0
0.4153955326770424,-0.0010217483888884018,0.0
0.41535685172629216,-0.001117877417380391,0.0
0.4153568517262922,-0.0011178774173801842,0.0
0.4153936217209029,-0.001021001344141798,0.0
0.41539362172090283,-0.0010210013441419022,0.0
0.4153587770994299,-0.001118586478379718,0.0
0.41535877709943,-0.001118586478379613,0.0
0.4153916826856785,-0.0010203305449028074,0.0
0.41535980891920476,-0.0011189260269521145,0.0
0.41535980891920476,-0.0011189260269521145,0.0
0.415389724227791,-0.001019718767227884,0.0
0.41538972422779097,-0.0010197187672279907,0.0
0.41538972422779097,-0.0010197187672279907,0.0
0.415362244624116,-0.0011196268497472189,0.0
0.41538820860129333,-0.0010193129526098305,0.0
0.415363297635989,-0.0011198935167230843,0.0
0.415363297635989,-0.0011198935167231923,0.0
0.4153862122034125,-0.001018839428881102,0.0
0.4153862122034125,-0.0010188394288812104,0.0
0.41536530301834984,-0.0011203274185639432,0.0
0.4153851471613388,-0.0010186258155340017,0.0
0.4153851471613388,-0.0010186258155338926,0.0
0.4153673206196992,-0.0011207003984768375,0.0
0.4153673206196992,-0.001120700398476947,0.0
0.41538312257045296,-0.0010182928576305712,0.0
0.4153683950207483,-0.0011208604224331076,0.0
0.4153683950207483,-0.0011208604224332175,0.0
0.41538108882596836,-0.0010180213570013055,0.0
0.41538108882596836,-0.001018021357001526,0.0
0.4153704337422957,-0.0011210916013095077,0.0
0.4153704337422957,-0.0011210916013096183,0.0
0.4153790459267125,-0.0010178305905196121,0.0
0.4153715166951642,-0.0011211762084337184,0.0
0.4153715166951642,-0.0011211762084338292,0.0
0.41537699818780827,-0.001017701770488048,0.0
0.41537699818780827,-0.001017701770488159,0.0
0.4153735665832847,-0.0011212644575920219,0.0
0.41537591235714355,-0.0010176714876820832,0.0
0.41537591235714355,-0.0010176714876819722,0.0
0.41537561820362495,-0.0011212905956855808,0.0
0.41537561820362495,-0.0011212905956856918,0.0
0.4153738606214698,-0.0010176859771845364,0.0
0.4153738606214698,-0.0010176859771845364,0.0
0.4153776692501754,-0.0011212354842678014,0.0
0.41537277532680394,-0.0010177315926318225,0.0
0.41537277532680394,-0.0010177315926317117,0.0
0.41537971768745713,-0.0011211182924451646,0.0
0.41537971768745713,-0.0011211182924452752,0.0
0.41537072961152427,-0.0010178893209264865,0.0
0.4153807993373677,-0.0011210183987426727,0.0
0.4153807993373677,-0.001121018398742783,0.0
0.41536868961030704,-0.0010181089211409862,0.0
0.41536868961030704,-0.001018108921140876,0.0
0.4153828345905311,-0.0011207584491681253,0.0
0.41538283459053116,-0.001120758449168345,0.0
0.41536665990319166,-0.0010184091181529684,0.0
0.4153839066243304,-0.0011205832669372324,0.0
0.4153839066243304,-0.0011205832669372324,0.0
0.41536464021675,-0.001018770637029512,0.0
0.41536464021674996,-0.0010187706370291855,0.0
0.4153859187566843,-0.0011201818287591395,0.0
0.41536357829785914,-0.001018999271125626,0.0
0.41536357829785914,-0.0010189992711257343,0.0
0.4153879178108415,-0.0011197196473044697,0.0
0.41538791781084144,-0.0011197196473041468,0.0
0.415361588786883,-0.0010195009436247645,0.0
0.415388966951432,-0.0011194381347787727,0.0
0.41538896695143196,-0.001119438134778666,0.0
0.4159268229736208,-0.003013315134635722,0.0
0.41647322263533604,-0.005012379438866841,0.0
0.416973474090546,-0.006916534808775675,0.0
0.41742951371264675,-0.008725076905637046,0.0
0.41791747754267555,-0.01073920251824345,0.0
0.4183620760722124,-0.01265711579540851,0.0
0.41878654478989086,-0.01457958439044584,0.0
0.41921329715708705,-0.016607561979046205,0.0
0.41959961741755947,-0.018538058248801975,0.0
0.4199656791615863,-0.02047249821704945,0.0
0.42033082869636734,-0.02251246794722199,0.0
0.42065851639800306,-0.02445377677411965,0.0
0.4209658354574532,-0.026398414063408066,0.0
0.42126904728547077,-0.028448505102879933,0.0
0.42153780190972817,-0.030398846135400164,0.0
0.42153780190972817,-0.030398846135400164,0.0
0.422028769746244,-0.034410024611198534,0.0
0.42223834482141465,-0.036367609214494036,0.0
0.4224296699585453,-0.03832706523764195,0.0
0.42260272785251496,-0.040288215450279635,0.0
0.42275521760465,-0.042251072059073615,0.0
0.42289526916990533,-0.0443187268276078,0.0
0.42289526916990533,-0.0443187268276078,0.0
0.42289526916990533,-0.04431872682760791,0.0
0.42289526916990533,-0.04431872682760802,0.0
0.42289526916990533,-0.0443187268276078,0.0
0.42289526916990533,-0.044318726827607687,0.0
0.42289526916990533,-0.0443187268276078,0.0
0.42289526916990533,-0.04431872682760791,0.0
0.42289526916990533,-0.0443187268276078,0.0
0.42289526916990533,-0.04431872682760791,0.0
0.42289526916990533,-0.0443187268276078,0.0
0.4228952691699053,-0.044318726827607575,0.0
0.4228952691699053,-0.044318726827607687,0.0
0.42287600276232495,-0.04421691419770006,0.0
0.422896335407613,-0.0443185192645294,0.0
0.422896335407613,-0.04431851926452929,0.0
0.422896335407613,-0.0443185192645294,0.0
0.422896335407613,-0.04431851926452929,0.0
0.422896335407613,-0.04431851926452929,0.0
0.422896335407613,-0.04431851926452918,0.0
0.42289633540761307,-0.04431851926452928,0.0
0.4228963354076131,-0.044318519264529385,0.0
0.42289633540761307,-0.04431851926452928,0.0
0.42289633540761307,-0.04431851926452928,0.0
0.422896335407613,-0.04431851926452918,0.0
0.42289633540761307,-0.04431851926452928,0.0
0.422896335407613,-0.04431851926452918,0.0
0.42289633540761307,-0.04431851926452928,0.0
0.4228963354076131,-0.044318519264529385,0.0
0.42289633540761307,-0.04431851926452928,0.0
0.4228963354076131,-0.044318519264529385,0.0
0.42289633540761307,-0.04431851926452918,0.0
0.4228963354076131,-0.04431851926452928,0.0
0.4228963354076131,-0.04431851926452928,0.0
0.4228963354076131,-0.04431851926452928,0.0
0.42289633540761323,-0.04431851926452948,0.0
0.4228963354076132,-0.04431851926452938,0.0
0.42285342504652296,-0.044224202208908825,0.0
0.4228973217704384,-0.04431806425501531,0.0
0.42289732177043843,-0.04431806425501541,0.0
0.4228973217704384,-0.04431806425501531,0.0
0.42289732177043843,-0.04431806425501541,0.0
0.4228973217704384,-0.04431806425501531,0.0
0.4228973217704383,-0.044318064255015215,0.0
0.4228973217704384,-0.04431806425501531,0.0
0.4228973217704384,-0.04431806425501531,0.0
0.42289732177043843,-0.04431806425501541,0.0
0.4228973217704384,-0.04431806425501531,0.0
0.4228973217704383,-0.044318064255015215,0.0
0.4228973217704384,-0.04431806425501531,0.0
0.42289732177043826,-0.044318064255015124,0.0
0.423992601720125,-0.04607737449331553,0.0
0.42501651840817445,-0.04775893739940205,0.0
0.4259707259041504,-0.04936152427931507,0.0
0.42701431793389455,-0.05115197851168919,0.0
0.4279888406256981,-0.05286264058070028,0.0
0.42894537699090907,-0.05458342452217038,0.0
0.4299342755456495,-0.056404657711854184,0.0
0.4308565525399535,-0.058144043907317984,0.0
0.4317605449649601,-0.059893002708068695,0.0
0.4326938431374497,-0.061743344623499515,0.0
0.4335630286248578,-0.06350985977477092,0.0
0.4344595067096484,-0.06537831842463815,0.0
0.43529354446404084,-0.06716169730065966,0.0
0.4361088413247542,-0.06895372135744729,0.0
0.43694833141954353,-0.07084846858690079,0.0
0.43772798603055657,-0.07265628436255916,0.0
0.43848864656540193,-0.07447217388065248,0.0
0.43923235458045806,-0.07629507585363154,0.0
0.4399590428082587,-0.07812482540227704,0.0
0.4406665099396986,-0.079962092244389,0.0
0.4413920290047999,-0.08190333740380293,0.0
0.4420629792100633,-0.08375425204614838,0.0
0.4427144895090918,-0.0856120985202824,0.0
0.44338089500143096,-0.08757442224550008,0.0
0.4439954918636065,-0.08944480452947211,0.0
0.4446229123295919,-0.09141993851015176,0.0
0.4452003547801202,-0.09330212325334789,0.0
0.44520035478012016,-0.09330212325334777,0.0
0.4452003547801202,-0.09330212325334789,0.0
0.44520035478012027,-0.093302123253348,0.0
0.4452003547801202,-0.09330212325334779,0.0
0.44516606476438186,-0.09320434185997224,0.0
0.44520137793307996,-0.09330175842009578,0.0
0.44520137793308,-0.09330175842009587,0.0
0.44520137793307996,-0.09330175842009578,0.0
0.44520137793308,-0.09330175842009587,0.0
0.44520137793308,-0.09330175842009587,0.0
0.4452013779330799,-0.09330175842009557,0.0
0.4451603434798687,-0.09320661022137683,0.0
0.44520237311181043,-0.09330132302995438,0.0
0.4452023731118105,-0.09330132302995447,0.0
0.4451584763878951,-0.093207460983848,0.0
0.44520335465059707,-0.09330085770545347,0.0
0.44520335465059696,-0.09330085770545328,0.0
0.44520335465059696,-0.09330085770545328,0.0
0.4451557761019124,-0.0932088072422559,0.0
0.44520431699634955,-0.0933003538841225,0.0
0.44520431699634966,-0.0933003538841227,0.0
0.44515397297712794,-0.09320978630825567,0.0
0.44520526364511753,-0.09329982115399296,0.0
0.4452052636451176,-0.09329982115399306,0.0
0.44520526364511753,-0.09329982115399296,0.0
0.44520526364511753,-0.09329982115399296,0.0
0.44520526364511764,-0.09329982115399316,0.0
0.4452052636451177,-0.09329982115399325,0.0
0.4451487181245674,-0.09321299022531286,0.0
0.44520617078205554,-0.09329922361917689,0.0
0.44520617078205554,-0.09329922361917689,0.0
0.4452061707820555,-0.0932992236191768,0.0
0.4452061707820555,-0.0932992236191768,0.0
0.4452061707820556,-0.09329922361917697,0.0
0.44520617078205565,-0.09329922361917706,0.0
0.4451436998316671,-0.09321655327124415,0.0
0.44520703397826,-0.09329856419701063,0.0
0.44520703397826006,-0.09329856419701071,0.0
0.4451420884159844,-0.09321782337703433,0.0
0.4452078768113525,-0.09329787893964366,0.0
0.44520787681135243,-0.09329787893964357,0.0
0.4452078768113525,-0.09329787893964366,0.0
0.44513978543226795,-0.0932197727928675,0.0
0.4452086918524513,-0.09329716084961588,0.0
0.4452086918524514,-0.09329716084961596,0.0
0.4451382666426746,-0.09322115232445165,0.0
0.44520948477605715,-0.09329641840942564,0.0
0.4452094847760571,-0.09329641840942555,0.0
0.44520948477605704,-0.09329641840942547,0.0
0.4452094847760571,-0.09329641840942555,0.0
0.44520948477605693,-0.0932964184094254,0.0
0.445209484776057,-0.09329641840942549,0.0
0.44513392375490307,-0.09322551327454838,0.0
0.44521022391889487,-0.09329562241121818,0.0
0.4452102239188948,-0.09329562241121811,0.0
0.445210223918895,-0.09329562241121826,0.0
0.44521022391889487,-0.0932956224112182,0.0
0.44521022391889475,-0.09329562241121812,0.0
0.4452102239188949,-0.09329562241121826,0.0
0.44512989599699576,-0.09323016684588468,0.0
0.44521090567225724,-0.09329477674128633,0.0
0.44521090567225713,-0.09329477674128626,0.0
0.4451286325901805,-0.09323178351914779,0.0
0.44521156150612573,-0.09329391081564418,0.0
0.4452115615061256,-0.09329391081564412,0.0
0.44521156150612573,-0.09329391081564418,0.0
0.4452115615061256,-0.09329391081564412,0.0
0.44682223147251726,-0.0944260775218126,0.0
0.4484209444934829,-0.09557506658520148,0.0
0.45009174505349747,-0.09680113190622966,0.0
0.4516673944564557,-0.0979815505396601,0.0
0.45323058301591246,-0.09917842176029135,0.0
0.4548634921905425,-0.10045451670589031,0.0
0.45640267602051093,-0.10168210471852175,0.0
0.4579289065365957,-0.10292576045986018,0.0
0.45952242680402,-0.10425071473834642,0.0
0.46102373349359077,-0.10552434632363443,0.0
0.4625116062782275,-0.10681364604361021,0.0
0.4639874031697296,-0.10811675645711415,0.0
0.46545099068410134,-0.10943355969942806,0.0
0.4669778117988424,-0.11083485480266358,0.0
0.4684150394330167,-0.11218037920554887,0.0
0.4698380830346875,-0.11354089605547622,0.0
0.47132177282835674,-0.1149877807360694,0.0
0.4727175989604507,-0.11637620739965471,0.0
0.47409879359285195,-0.11777919014317641,0.0
0.4755379913909697,-0.1192703374801844,0.0
0.47553799139096975,-0.11927033748018448,0.0
0.4754652969366328,-0.11919649628315698,0.0
0.47553876146990093,-0.11926957137071409,0.0
0.475538761469901,-0.11926957137071417,0.0
0.47553876146990093,-0.11926957137071409,0.0
0.475463200448747,-0.11919866623583698,0.0
0.4755395006127388,-0.1192687753725068,0.0
0.4755395006127388,-0.1192687753725068,0.0
0.47546182723264413,-0.11920019073797054,0.0
0.4755402153138268,-0.1192679573580597,0.0
0.4755402153138269,-0.11926795735805977,0.0
0.47546050080813596,-0.1192017561220271,0.0
0.47546050080813607,-0.11920175612202717,0.0
0.47554151048339743,-0.11926636601742874,0.0
0.47554151048339743,-0.11926636601742874,0.0
0.4754592374013207,-0.1192033727952902,0.0
0.4755421663172659,-0.11926550009178659,0.0
0.47554216631726604,-0.11926550009178666,0.0
0.4754580235266888,-0.11920502698318719,0.0
0.475542795630183,-0.1192646147045644,0.0
0.4755427956301831,-0.11926461470456447,0.0
0.4755427956301832,-0.11926461470456452,0.0
0.47545632452696757,-0.11920752044584702,0.0
0.47554338939486257,-0.11926370509542522,0.0
0.47554338939486274,-0.11926370509542535,0.0
0.47545522912869675,-0.11920925536136338,0.0
0.47554395534431615,-0.11926277792419145,0.0
0.47554395534431626,-0.1192627779241915,0.0
0.4754541867659448,-0.11921102264999679,0.0
0.4754541867659448,-0.11921102264999679,0.0
0.4755449625100701,-0.11926099034304237,0.0
0.47554496251007,-0.11926099034304231,0.0
0.47545321519208467,-0.11921282982277626,0.0
0.47554546233293216,-0.11926002591451346,0.0
0.47554546233293216,-0.11926002591451346,0.0
0.47545229878491385,-0.11921466558613729,0.0
0.47545229878491374,-0.11921466558613725,0.0
0.4755463422119849,-0.11925817236600506,0.0
0.475546342211985,-0.1192581723660051,0.0
0.4754514557789672,-0.11921653619304265,0.0
0.47554677346797675,-0.11925717538879854,0.0
0.47554677346797675,-0.11925717538879854,0.0
0.4754506698015408,-0.11921843146840673,0.0
0.4755471743377555,-0.11925616581032152,0.0
0.4755471743377554,-0.11925616581032147,0.0
0.4755471743377555,-0.11925616581032152,0.0
0.47544961205255465,-0.11922125726443104,0.0
0.47554753492136126,-0.11925514115196671,0.0
0.47554753492136104,-0.11925514115196664,0.0
0.47544896034224043,-0.11922320279851886,0.0
0.475547864312975,-0.1192541060449937,0.0
0.4755478643129749,-0.11925410604499367,0.0
0.47544836784152283,-0.11922516717427724,0.0
0.47544836784152295,-0.11922516717427727,0.0
0.4755484178025241,-0.1192521303227107,0.0
